path,.,_id,imageUrl,brush,annotation.0.regionType,annotation.0.id,annotation.0.centerX,annotation.0.centerY,annotation.0.width,annotation.0.height,annotation.0.classification,annotation.0.labels,annotation.0.color,annotation.1.regionType,annotation.1.id,annotation.1.centerX,annotation.1.centerY,annotation.1.width,annotation.1.height,annotation.1.classification,annotation.1.labels,annotation.1.color
interface,"{""type"":""image_segmentation"",""labels"":[{""id"":""NoEntry"",""description"":""""},{""id"":""NoLeft"",""description"":""""},{""id"":""30kmh""}],""regionTypesAllowed"":[""bounding-box""]}",,,,,,,,,,,,,,,,,,,,,
samples.0,,s11elz6ny,file://C:\Users\gabri\Documents\UofT\APS360\Project\AugData\AugData\NoEntry\img1277.png,complete,bounding-box,644632196005992,0.25806451612903225,0.35736875154035597,0.06831119544592032,0.1442125237191651,NoEntry,,#f44336,bounding-box,21668470079717728,0.9184060721062619,0.4797596433809631,0.0379506641366224,0.07400379506641364,NoEntry,,#f44336
samples.1,,sojw5kjzm,file://C:\Users\gabri\Documents\UofT\APS360\Project\AugData\AugData\NoEntry\img1278.png,complete,bounding-box,941083790312657,0.2793296089385475,0.34047175430496757,0.1415270018621974,0.09869646182495345,NoEntry,,#f44336,,,,,,,,,
samples.2,,suetoduhm,file://C:\Users\gabri\Documents\UofT\APS360\Project\AugData\AugData\NoEntry\img1279.png,complete,bounding-box,278426877193672,0.2951582867783985,0.38609559043159697,0.10242085661080078,0.11545623836126628,NoEntry,,#f44336,,,,,,,,,
samples.3,,ss0wj0y3e,file://C:\Users\gabri\Documents\UofT\APS360\Project\AugData\AugData\NoEntry\img1280.png,complete,bounding-box,8442630990913884,0.1378026070763501,0.5955927971355076,0.05959031657355679,0.11359404096834269,NoEntry,,#f44336,bounding-box,036105519118419416,0.8891992551210428,0.16356300197722082,0.08379888268156421,0.11731843575418995,NoLeft,,#2196f3
samples.4,,se9esbagc,file://C:\Users\gabri\Documents\UofT\APS360\Project\AugData\AugData\NoEntry\img1281.png,complete,bounding-box,5501413561924182,0.621973929236499,0.3674736165023605,0.11918063314711358,0.09310986964618251,NoEntry,,#f44336,,,,,,,,,
samples.5,,szc685w2f,file://C:\Users\gabri\Documents\UofT\APS360\Project\AugData\AugData\NoEntry\img1282.png,complete,bounding-box,7863999844520766,0.45065176908752325,0.1486654228338316,0.08193668528864056,0.13966480446927376,NoEntry,,#f44336,,,,,,,,,
samples.6,,sfnrn8bz5,file://C:\Users\gabri\Documents\UofT\APS360\Project\AugData\AugData\NoEntry\img1283.png,complete,bounding-box,7559489448180416,0.35661080074487894,0.3125387934111128,0.12476722532588452,0.09869646182495345,NoEntry,,#f44336,,,,,,,,,
samples.7,,scidzb0eb,file://C:\Users\gabri\Documents\UofT\APS360\Project\AugData\AugData\NoEntry\img1284.png,complete,bounding-box,5403699890277902,0.1266294227188082,0.3842333930386733,0.111731843575419,0.10800744878957169,NoEntry,,#f44336,,,,,,,,,
samples.8,,sxkxecd7h,file://C:\Users\gabri\Documents\UofT\APS360\Project\AugData\AugData\NoEntry\img1285.png,complete,bounding-box,10970705005730097,0.2681564245810056,0.3227808790721929,0.0968342644320298,0.0968342644320298,NoEntry,,#f44336,,,,,,,,,
samples.9,,s7ga65iea,file://C:\Users\gabri\Documents\UofT\APS360\Project\AugData\AugData\NoEntry\img1286.png,complete,bounding-box,16570903856953834,0.2644320297951583,0.2985723129641854,0.0968342644320298,0.1415270018621974,NoEntry,,#f44336,,,,,,,,,
samples.10,,sc2jctvr9,file://C:\Users\gabri\Documents\UofT\APS360\Project\AugData\AugData\NoEntry\img1287.png,complete,bounding-box,6526157097424852,0.6573556797020484,0.36188702432358955,0.14525139664804465,0.1042830540037244,NoEntry,,#f44336,,,,,,,,,
samples.11,,s4kgkdbdk,file://C:\Users\gabri\Documents\UofT\APS360\Project\AugData\AugData\NoEntry\img1288.png,complete,bounding-box,6928663714873242,0.5363128491620112,0.22501551594370128,0.09683426443202986,0.17690875232774675,NoEntry,,#f44336,,,,,,,,,
samples.12,,syflf0bsy,file://C:\Users\gabri\Documents\UofT\APS360\Project\AugData\AugData\NoEntry\img1289.png,complete,bounding-box,34596498045762747,0.5167597765363128,0.3358162608226584,0.1843575418994413,0.11918063314711358,NoEntry,,#f44336,,,,,,,,,
samples.13,,stc42wuet,file://C:\Users\gabri\Documents\UofT\APS360\Project\AugData\AugData\NoEntry\img1290.png,complete,bounding-box,06052762860349037,0.4823091247672253,0.3227808790721929,0.11918063314711363,0.1824953445065177,NoEntry,,#f44336,,,,,,,,,
samples.14,,sxjz4mqc9,file://C:\Users\gabri\Documents\UofT\APS360\Project\AugData\AugData\NoEntry\img1291.png,complete,bounding-box,8272058194035259,0.3864059590316573,0.4168218474148372,0.09869646182495345,0.12476722532588452,NoEntry,,#f44336,,,,,,,,,
samples.15,,sgxpiln8o,file://C:\Users\gabri\Documents\UofT\APS360\Project\AugData\AugData\NoEntry\img1292.png,complete,bounding-box,5884571620402528,0.3891992551210428,0.26505275989155974,0.18621973929236496,0.18621973929236502,NoEntry,,#f44336,,,,,,,,,
samples.16,,s6jfgp6xc,file://C:\Users\gabri\Documents\UofT\APS360\Project\AugData\AugData\NoEntry\img1293.png,complete,bounding-box,7479503681712532,0.4366852886405959,0.2296710094260104,0.13221601489757917,0.1452513966480447,NoEntry,,#f44336,,,,,,,,,
samples.17,,smhz3rqyz,file://C:\Users\gabri\Documents\UofT\APS360\Project\AugData\AugData\NoEntry\img1294.png,complete,bounding-box,3259864282210103,0.4646182495344507,0.41030415653960445,0.12476722532588458,0.0968342644320298,NoEntry,,#f44336,,,,,,,,,
samples.18,,sn46zp1k9,file://C:\Users\gabri\Documents\UofT\APS360\Project\AugData\AugData\NoEntry\img1295.png,complete,bounding-box,9278932326742957,0.2206703910614525,0.2864680299101817,0.05027932960893855,0.07635009310986965,NoEntry,,#f44336,bounding-box,83647698450555,0.6722532588454376,0.3181253855898838,0.06703910614525133,0.11359404096834264,NoEntry,,#f44336
samples.19,,simvdv9q6,file://C:\Users\gabri\Documents\UofT\APS360\Project\AugData\AugData\NoEntry\img1296.png,complete,bounding-box,22861881875123857,0.30353817504655495,0.36747361650236043,0.1378026070763501,0.1601489757914339,NoEntry,,#f44336,,,,,,,,,
samples.20,,skw6l8sfp,file://C:\Users\gabri\Documents\UofT\APS360\Project\AugData\AugData\NoEntry\img1297.png,complete,bounding-box,37373726586513367,0.6797020484171322,0.4103041565396044,0.13780260707635006,0.148975791433892,NoEntry,,#f44336,bounding-box,07813751456346374,0.32495344506517687,0.5332091844725653,0.12104283054003723,0.11918063314711358,30kmh,,#4caf50
samples.21,,sk4gji2ij,file://C:\Users\gabri\Documents\UofT\APS360\Project\AugData\AugData\NoEntry\img1298.png,complete,bounding-box,37308603122523576,0.5018621973929236,0.4913097431317832,0.11359404096834264,0.12104283054003728,NoEntry,,#f44336,,,,,,,,,
samples.22,,sfot97c2b,file://C:\Users\gabri\Documents\UofT\APS360\Project\AugData\AugData\NoEntry\img1299.png,complete,bounding-box,4209423216759647,0.21135940409683426,0.5127250131504052,0.09124767225325886,0.12290502793296093,NoEntry,,#f44336,bounding-box,34842554108462687,0.8566108007448789,0.5145872105433289,0.04469273743016755,0.059590316573556845,NoEntry,,#f44336
samples.23,,s8v2ivpma,file://C:\Users\gabri\Documents\UofT\APS360\Project\AugData\AugData\NoEntry\img1300.png,complete,bounding-box,40891416162599015,0.34450651769087526,0.31719428689342194,0.06331471135940409,0.08193668528864062,NoEntry,,#f44336,,,,,,,,,
samples.24,,sf96k6dlf,file://C:\Users\gabri\Documents\UofT\APS360\Project\AugData\AugData\NoEntry\img1301.png,complete,bounding-box,277428566607387,0.4022346368715084,0.2846058325172581,0.11918063314711358,0.15828677839851024,NoEntry,,#f44336,,,,,,,,,
samples.25,,sp8kmiaik,file://C:\Users\gabri\Documents\UofT\APS360\Project\AugData\AugData\NoEntry\img1302.png,complete,bounding-box,6065670361393751,0.45251396648044695,0.5695220336345765,0.11173184357541893,0.2811918063314712,NoEntry,,#f44336,,,,,,,,,
samples.26,,s4rrjwowr,file://C:\Users\gabri\Documents\UofT\APS360\Project\AugData\AugData\NoEntry\img1303.png,complete,bounding-box,01975626625306459,0.46461824953445063,0.2669149572844834,0.15828677839851024,0.15270018621973927,NoEntry,,#f44336,,,,,,,,,
samples.27,,sa4718vrn,file://C:\Users\gabri\Documents\UofT\APS360\Project\AugData\AugData\NoEntry\img1304.png,complete,bounding-box,49640092058076,0.21415270018621974,0.35816262953774225,0.06703910614525138,0.11918063314711358,NoEntry,,#f44336,,,,,,,,,
samples.28,,s22c28817,file://C:\Users\gabri\Documents\UofT\APS360\Project\AugData\AugData\NoEntry\img1305.png,complete,bounding-box,6953227453269877,0.5139664804469274,0.8162631881969602,0.14897579143389206,0.2048417132216015,NoEntry,,#f44336,,,,,,,,,
samples.29,,sc39ggmwi,file://C:\Users\gabri\Documents\UofT\APS360\Project\AugData\AugData\NoEntry\img1306.png,complete,bounding-box,519084783895811,0.4022346368715084,0.25481067423047965,0.07448789571694597,0.11731843575418996,NoEntry,,#f44336,,,,,,,,,
samples.30,,s35opjylr,file://C:\Users\gabri\Documents\UofT\APS360\Project\AugData\AugData\NoEntry\img1307.png,complete,bounding-box,8710313351336987,0.46275605214152704,0.23525760160478132,0.1508379888268157,0.21229050279329606,NoEntry,,#f44336,,,,,,,,,
samples.31,,sosb42q7h,file://C:\Users\gabri\Documents\UofT\APS360\Project\AugData\AugData\NoEntry\img1308.png,complete,bounding-box,23963258869028903,0.35009310986964615,0.23060210812247223,0.1564245810055866,0.15083798882681565,NoEntry,,#f44336,,,,,,,,,
samples.32,,srpg1nkf4,file://C:\Users\gabri\Documents\UofT\APS360\Project\AugData\AugData\NoEntry\img1309.png,complete,bounding-box,2152846367596022,0.23277467411545624,0.25481067423047965,0.13035381750465552,0.09497206703910616,NoEntry,,#f44336,,,,,,,,,
samples.33,,s1001bde6,file://C:\Users\gabri\Documents\UofT\APS360\Project\AugData\AugData\NoEntry\img1310.png,complete,bounding-box,012049648271819535,0.2774674115456238,0.17752948242414818,0.1601489757914339,0.1527001862197393,NoEntry,,#f44336,,,,,,,,,
samples.34,,s001vlenb,file://C:\Users\gabri\Documents\UofT\APS360\Project\AugData\AugData\NoEntry\img1311.png,complete,bounding-box,18442464533600167,0.20391061452513964,0.24736188465878506,0.21787709497206703,0.19553072625698323,NoEntry,,#f44336,,,,,,,,,
samples.35,,sqxsn4h5g,file://C:\Users\gabri\Documents\UofT\APS360\Project\AugData\AugData\NoEntry\img1312.png,complete,bounding-box,5132351444917846,0.33891992551210426,0.16076970588783535,0.1415270018621974,0.16387337057728119,NoEntry,,#f44336,,,,,,,,,
samples.36,,s7yfhxzrh,file://C:\Users\gabri\Documents\UofT\APS360\Project\AugData\AugData\NoEntry\img1313.png,complete,bounding-box,339293241484395,0.23277467411545621,0.2706393520703307,0.20484171322160147,0.1675977653631285,NoEntry,,#f44336,,,,,,,,,
samples.37,,s1kvaitzd,file://C:\Users\gabri\Documents\UofT\APS360\Project\AugData\AugData\NoEntry\img1314.png,complete,bounding-box,06339045866434434,0.08007448789571694,0.26412166119509795,0.055865921787709494,0.09869646182495345,NoEntry,,#f44336,bounding-box,3488741536399047,0.888268156424581,0.492240841828245,0.07076350093109873,0.08938547486033527,NoEntry,,#f44336
samples.38,,sjqwz5xhk,file://C:\Users\gabri\Documents\UofT\APS360\Project\AugData\AugData\NoEntry\img1315.png,complete,bounding-box,09738809021341233,0.4087523277467412,0.2631905624986361,0.09497206703910616,0.1378026070763501,NoEntry,,#f44336,,,,,,,,,
samples.39,,sp2o0u1dr,file://C:\Users\gabri\Documents\UofT\APS360\Project\AugData\AugData\NoEntry\img1316.png,complete,bounding-box,3178031073706069,0.537243947858473,0.2780881416420253,0.13221601489757917,0.16014897579143392,NoEntry,,#f44336,,,,,,,,,
samples.40,,s41xwb0gb,file://C:\Users\gabri\Documents\UofT\APS360\Project\AugData\AugData\NoEntry\img1790.png,complete,bounding-box,13136048643491383,0.20391061452513967,0.46896337441669944,0.09497206703910616,0.12476722532588452,NoEntry,,#f44336,bounding-box,9255203504690903,0.8659217877094971,0.30695220123234185,0.040968342644320255,0.08007448789571692,NoEntry,,#f44336
samples.41,,s95rvpb9n,file://C:\Users\gabri\Documents\UofT\APS360\Project\AugData\AugData\NoEntry\img1791.png,complete,bounding-box,5307823424979223,0.35567970204841715,0.27250154946325433,0.11545623836126628,0.11173184357541899,NoEntry,,#f44336,,,,,,,,,
samples.42,,sieegomof,file://C:\Users\gabri\Documents\UofT\APS360\Project\AugData\AugData\NoEntry\img1792.png,complete,bounding-box,42985729770423786,0.28305400372439476,0.4093730578431426,0.09683426443202978,0.11731843575418993,NoEntry,,#f44336,,,,,,,,,
samples.43,,sdqfncz2k,file://C:\Users\gabri\Documents\UofT\APS360\Project\AugData\AugData\NoEntry\img1793.png,complete,bounding-box,9267895702745994,0.1201117318435754,0.4810676574707031,0.04655493482309124,0.11918063314711363,NoEntry,,#f44336,bounding-box,4292015200656316,0.9646182495344506,0.290192424696029,0.059590316573556734,0.14711359404096835,NoLeft,,#2196f3
samples.44,,str08bxks,file://C:\Users\gabri\Documents\UofT\APS360\Project\AugData\AugData\NoEntry\img1794.png,complete,bounding-box,012948672489101254,0.6815642458100559,0.40657976175375715,0.1042830540037244,0.1042830540037244,NoEntry,,#f44336,,,,,,,,,
samples.45,,shg0yjegd,file://C:\Users\gabri\Documents\UofT\APS360\Project\AugData\AugData\NoEntry\img1795.png,complete,bounding-box,7907863425978958,0.45716945996275604,0.15983860719137352,0.10242085661080069,0.15083798882681565,NoEntry,,#f44336,,,,,,,,,
samples.46,,syth5ofuf,file://C:\Users\gabri\Documents\UofT\APS360\Project\AugData\AugData\NoEntry\img1796.png,complete,bounding-box,845659080691971,0.44692737430167595,0.26598385858802154,0.10800744878957169,0.10986964618249534,NoEntry,,#f44336,,,,,,,,,
samples.47,,swg35f47n,file://C:\Users\gabri\Documents\UofT\APS360\Project\AugData\AugData\NoEntry\img1797.png,complete,bounding-box,9476298048865703,0.10986964618249534,0.4996896313999396,0.1229050279329609,0.12290502793296088,NoEntry,,#f44336,,,,,,,,,
samples.48,,ssy57sps2,file://C:\Users\gabri\Documents\UofT\APS360\Project\AugData\AugData\NoEntry\img1798.png,complete,bounding-box,36113944980335466,0.3100558659217877,0.27529484555263983,0.08752327746741156,0.10986964618249534,NoEntry,,#f44336,,,,,,,,,
samples.49,,sh1j7gy7d,file://C:\Users\gabri\Documents\UofT\APS360\Project\AugData\AugData\NoEntry\img1799.png,complete,bounding-box,23262969400049482,0.2122905027932961,0.3674736165023605,0.10800744878957169,0.12290502793296088,NoEntry,,#f44336,,,,,,,,,
samples.50,,s082kph1l,file://C:\Users\gabri\Documents\UofT\APS360\Project\AugData\AugData\NoEntry\img1800.png,complete,bounding-box,08960223686563817,0.7076350093109869,0.3851644917351351,0.08938547486033521,0.09869646182495345,NoEntry,,#f44336,,,,,,,,,
samples.51,,sv6n111do,file://C:\Users\gabri\Documents\UofT\APS360\Project\AugData\AugData\NoEntry\img1801.png,complete,bounding-box,9822469934426323,0.5167597765363129,0.23525760160478132,0.10242085661080075,0.1787709497206704,NoEntry,,#f44336,,,,,,,,,
samples.52,,sk36gbw9k,file://C:\Users\gabri\Documents\UofT\APS360\Project\AugData\AugData\NoEntry\img1802.png,complete,bounding-box,7200343968630702,0.4962756052141527,0.33767845821558207,0.17690875232774678,0.13035381750465552,NoEntry,,#f44336,,,,,,,,,
samples.53,,s8fmm0u3f,file://C:\Users\gabri\Documents\UofT\APS360\Project\AugData\AugData\NoEntry\img1803.png,complete,bounding-box,022583473393240405,0.4227188081936685,0.33674735951912027,0.11545623836126628,0.16945996275605213,NoEntry,,#f44336,,,,,,,,,
samples.54,,sexon7l9q,file://C:\Users\gabri\Documents\UofT\APS360\Project\AugData\AugData\NoEntry\img1804.png,complete,bounding-box,515214674989994,0.4180633147113594,0.38981998521744426,0.10242085661080075,0.12662942271880817,NoEntry,,#f44336,,,,,,,,,
samples.55,,sh8uo6uqc,file://C:\Users\gabri\Documents\UofT\APS360\Project\AugData\AugData\NoEntry\img1805.png,complete,bounding-box,36270542865718003,0.3743016759776536,0.2780881416420253,0.1936685288640596,0.19366852886405958,NoEntry,,#f44336,,,,,,,,,
samples.56,,s8by1r05b,file://C:\Users\gabri\Documents\UofT\APS360\Project\AugData\AugData\NoEntry\img1806.png,complete,bounding-box,5180580274716597,0.42830540037243947,0.23432650290831952,0.148975791433892,0.14711359404096835,NoEntry,,#f44336,,,,,,,,,
samples.57,,sezarm5zj,file://C:\Users\gabri\Documents\UofT\APS360\Project\AugData\AugData\NoEntry\img1807.png,complete,bounding-box,8417334328219759,0.44599627560521415,0.4121663539325281,0.1396648044692737,0.11545623836126628,NoEntry,,#f44336,,,,,,,,,
samples.58,,s6qyvk1pq,file://C:\Users\gabri\Documents\UofT\APS360\Project\AugData\AugData\NoEntry\img1808.png,complete,bounding-box,4184006322250937,0.6778398510242085,0.3181253855898838,0.06703910614525144,0.10986964618249534,NoEntry,,#f44336,,,,,,,,,
samples.59,,smkfjucha,file://C:\Users\gabri\Documents\UofT\APS360\Project\AugData\AugData\NoEntry\img1809.png,complete,bounding-box,5735310784016627,0.2467411545623836,0.4438237096122301,0.17690875232774672,0.13407821229050276,NoEntry,,#f44336,,,,,,,,,
samples.60,,sk9dn6x3f,file://C:\Users\gabri\Documents\UofT\APS360\Project\AugData\AugData\NoEntry\img1810.png,complete,bounding-box,25331688380914996,0.6564245810055866,0.386095590431597,0.14338919925512095,0.1601489757914339,NoEntry,,#f44336,bounding-box,5549013333680888,0.34171322160148976,0.5806952179921183,0.0986964618249534,0.1024208566108008,30kmh,,#4caf50
samples.61,,s4o5cj7qg,file://C:\Users\gabri\Documents\UofT\APS360\Project\AugData\AugData\NoEntry\img1811.png,complete,bounding-box,008889964091935543,0.4925512104283054,0.4968963353105541,0.08379888268156427,0.12104283054003723,NoEntry,,#f44336,,,,,,,,,
samples.62,,sd8tie69r,file://C:\Users\gabri\Documents\UofT\APS360\Project\AugData\AugData\NoEntry\img1812.png,complete,bounding-box,8211232350070603,0.21601489757914338,0.46710117702377574,0.11173184357541899,0.1471135940409684,NoEntry,,#f44336,,,,,,,,,
samples.63,,srgtsugxa,file://C:\Users\gabri\Documents\UofT\APS360\Project\AugData\AugData\NoEntry\img1813.png,complete,bounding-box,6422663677128284,0.4171322160148976,0.2780881416420253,0.055865921787709494,0.09310986964618248,NoEntry,,#f44336,,,,,,,,,
samples.64,,sdcl5c71t,file://C:\Users\gabri\Documents\UofT\APS360\Project\AugData\AugData\NoEntry\img1814.png,complete,bounding-box,39621844961389585,0.34823091247672255,0.32091868167926924,0.1601489757914339,0.14897579143389197,NoEntry,,#f44336,,,,,,,,,
samples.65,,sslnsr9cm,file://C:\Users\gabri\Documents\UofT\APS360\Project\AugData\AugData\NoEntry\img1815.png,complete,bounding-box,6609831749315347,0.44040968342644315,0.5695220336345765,0.10242085661080075,0.30353817504655495,NoEntry,,#f44336,,,,,,,,,
samples.66,,s3qh9nxpr,file://C:\Users\gabri\Documents\UofT\APS360\Project\AugData\AugData\NoEntry\img1816.png,complete,bounding-box,36444258463751056,0.43761638733705777,0.27157045076679254,0.18249534450651766,0.13221601489757911,NoEntry,,#f44336,,,,,,,,,
samples.67,,sbnnw3uwg,file://C:\Users\gabri\Documents\UofT\APS360\Project\AugData\AugData\NoEntry\img1817.png,complete,bounding-box,24592489020634178,0.21415270018621974,0.3497827412695858,0.06703910614525138,0.11359404096834269,NoEntry,,#f44336,,,,,,,,,
samples.68,,sm8oyyd2n,file://C:\Users\gabri\Documents\UofT\APS360\Project\AugData\AugData\NoEntry\img1818.png,complete,bounding-box,2047708990997399,0.4813780260707635,0.8013656090535709,0.11731843575418993,0.23091247672253257,NoEntry,,#f44336,,,,,,,,,
samples.69,,sojkkkkoj,file://C:\Users\gabri\Documents\UofT\APS360\Project\AugData\AugData\NoEntry\img1819.png,complete,bounding-box,25334160460102173,0.329608938547486,0.29857231296418546,0.10800744878957169,0.1340782122905028,NoEntry,,#f44336,,,,,,,,,
samples.70,,si0gy2x3n,file://C:\Users\gabri\Documents\UofT\APS360\Project\AugData\AugData\NoEntry\img1820.png,complete,bounding-box,5045425828301704,0.40502793296089384,0.26784605598094524,0.1843575418994413,0.22532588454376162,NoEntry,,#f44336,,,,,,,,,
samples.71,,san7vwy7q,file://C:\Users\gabri\Documents\UofT\APS360\Project\AugData\AugData\NoEntry\img1821.png,complete,bounding-box,8022898484688914,0.3156424581005587,0.2641216611950979,0.16573556797020486,0.15456238361266292,NoEntry,,#f44336,,,,,,,,,
samples.72,,snc90kcxb,file://C:\Users\gabri\Documents\UofT\APS360\Project\AugData\AugData\NoEntry\img1822.png,complete,bounding-box,09954787905699991,0.2756052141527002,0.21384233158615937,0.11173184357541899,0.11731843575418993,NoEntry,,#f44336,,,,,,,,,
samples.73,,sayg9bypf,file://C:\Users\gabri\Documents\UofT\APS360\Project\AugData\AugData\NoEntry\img1823.png,complete,bounding-box,6552255707098569,0.2681564245810056,0.19522035765692286,0.16014897579143392,0.15083798882681565,NoEntry,,#f44336,,,,,,,,,
samples.74,,souvacn7q,file://C:\Users\gabri\Documents\UofT\APS360\Project\AugData\AugData\NoEntry\img1824.png,complete,bounding-box,06621420328645589,0.24022346368715083,0.23525760160478132,0.18249534450651766,0.19366852886405958,NoEntry,,#f44336,,,,,,,,,
samples.75,,sptg2u13u,file://C:\Users\gabri\Documents\UofT\APS360\Project\AugData\AugData\NoEntry\img1825.png,complete,bounding-box,8489816541169029,0.2960893854748603,0.18590937069230462,0.16759776536312848,0.15456238361266295,NoEntry,,#f44336,,,,,,,,,
samples.76,,sb8t6ymt6,file://C:\Users\gabri\Documents\UofT\APS360\Project\AugData\AugData\NoEntry\img1826.png,complete,bounding-box,7067366740567638,0.29329608938547486,0.221291121157854,0.16573556797020483,0.19553072625698326,NoEntry,,#f44336,,,,,,,,,
samples.77,,sri7yujjh,file://C:\Users\gabri\Documents\UofT\APS360\Project\AugData\AugData\NoEntry\img1827.png,complete,bounding-box,15870094264534518,0.05493482309124767,0.3041589051429564,0.06517690875232775,0.1005586592178771,NoEntry,,#f44336,bounding-box,7982633717843846,0.8947858472998138,0.4503414004874629,0.054003724394785846,0.08007448789571692,NoEntry,,#f44336
samples.78,,sb3rrmax6,file://C:\Users\gabri\Documents\UofT\APS360\Project\AugData\AugData\NoEntry\img1828.png,complete,bounding-box,710815795081041,0.37337057728119183,0.2911235233924908,0.10242085661080075,0.13407821229050282,NoEntry,,#f44336,,,,,,,,,
samples.79,,sl8brhkm8,file://C:\Users\gabri\Documents\UofT\APS360\Project\AugData\AugData\NoEntry\img1829.png,complete,bounding-box,13526094735959338,0.5716945996275605,0.2846058325172581,0.12290502793296088,0.14711359404096835,NoEntry,,#f44336,,,,,,,,,
samples.80,,svfxbmvtj,file://C:\Users\gabri\Documents\UofT\APS360\Project\AugData\AugData\NoEntry\img2303.png,complete,bounding-box,24744627476341363,0.2774674115456238,0.32091868167926924,0.08193668528864059,0.14152700186219735,NoEntry,,#f44336,,,,,,,,,
samples.81,,s5zj5r2hw,file://C:\Users\gabri\Documents\UofT\APS360\Project\AugData\AugData\NoEntry\img2304.png,complete,bounding-box,8927710410560814,0.4106145251396648,0.2520173781410942,0.1359404096834264,0.1266294227188082,NoEntry,,#f44336,,,,,,,,,
samples.82,,sbz3up8te,file://C:\Users\gabri\Documents\UofT\APS360\Project\AugData\AugData\NoEntry\img2305.png,complete,bounding-box,6934572284839207,0.27281191806331473,0.44289261091576826,0.12476722532588452,0.11359404096834264,NoEntry,,#f44336,,,,,,,,,
samples.83,,subeflw4g,file://C:\Users\gabri\Documents\UofT\APS360\Project\AugData\AugData\NoEntry\img2306.png,complete,bounding-box,7214774287409174,0.13221601489757914,0.4838609535600886,0.04096834264432031,0.11359404096834269,NoEntry,,#f44336,,,,,,,,,
samples.84,,swlc54gjw,file://C:\Users\gabri\Documents\UofT\APS360\Project\AugData\AugData\NoEntry\img2307.png,complete,bounding-box,36987596411623147,0.6070763500931098,0.35164493866250945,0.11173184357541899,0.0986964618249534,NoEntry,,#f44336,,,,,,,,,
samples.85,,s3avpb6zn,file://C:\Users\gabri\Documents\UofT\APS360\Project\AugData\AugData\NoEntry\img2308.png,complete,bounding-box,482676590933671,0.43109869646182497,0.15797640979844985,0.11731843575418993,0.13594040968342644,NoEntry,,#f44336,,,,,,,,,
samples.86,,slk8bdbh1,file://C:\Users\gabri\Documents\UofT\APS360\Project\AugData\AugData\NoEntry\img2309.png,complete,bounding-box,4287445697845309,0.36592178770949724,0.2985723129641854,0.11731843575418993,0.09683426443202975,NoEntry,,#f44336,,,,,,,,,
samples.87,,shpad42wd,file://C:\Users\gabri\Documents\UofT\APS360\Project\AugData\AugData\NoEntry\img2310.png,complete,bounding-box,8506280385708012,0.12849162011173182,0.3823711956457497,0.13035381750465547,0.1005586592178771,NoEntry,,#f44336,,,,,,,,,
samples.88,,sl7zs5b2f,file://C:\Users\gabri\Documents\UofT\APS360\Project\AugData\AugData\NoEntry\img2311.png,complete,bounding-box,7852972879223721,0.26350093109869643,0.32091868167926924,0.09869646182495345,0.10800744878957169,NoEntry,,#f44336,,,,,,,,,
samples.89,,sx5vsbhhb,file://C:\Users\gabri\Documents\UofT\APS360\Project\AugData\AugData\NoEntry\img2312.png,complete,bounding-box,012619152159615066,0.23836126629422721,0.311607694714651,0.10428305400372442,0.12290502793296088,NoEntry,,#f44336,,,,,,,,,
samples.90,,sr728b38n,file://C:\Users\gabri\Documents\UofT\APS360\Project\AugData\AugData\NoEntry\img2313.png,complete,bounding-box,8714676002248696,0.6880819366852886,0.37585350477051693,0.1024208566108008,0.10242085661080075,NoEntry,,#f44336,,,,,,,,,
samples.91,,swy86o7xe,file://C:\Users\gabri\Documents\UofT\APS360\Project\AugData\AugData\NoEntry\img2314.png,complete,bounding-box,6586643795887175,0.47113594040968343,0.22501551594370128,0.1005586592178771,0.16201117318435757,NoEntry,,#f44336,,,,,,,,,
samples.92,,smjkch2kl,file://C:\Users\gabri\Documents\UofT\APS360\Project\AugData\AugData\NoEntry\img2315.png,complete,bounding-box,924038454843541,0.5158286778398511,0.3320918660368111,0.14525139664804476,0.12662942271880817,NoEntry,,#f44336,,,,,,,,,
samples.93,,snf9nq4y8,file://C:\Users\gabri\Documents\UofT\APS360\Project\AugData\AugData\NoEntry\img2316.png,complete,bounding-box,6128641016807708,0.3752327746741154,0.37399130737759323,0.1359404096834264,0.17318435754189948,NoEntry,,#f44336,,,,,,,,,
samples.94,,s11i5vjw9,file://C:\Users\gabri\Documents\UofT\APS360\Project\AugData\AugData\NoEntry\img2317.png,complete,bounding-box,0884855970702143,0.3789571694599627,0.4307883278617646,0.10986964618249534,0.13035381750465547,NoEntry,,#f44336,,,,,,,,,
samples.95,,sw1pn2e1r,file://C:\Users\gabri\Documents\UofT\APS360\Project\AugData\AugData\NoEntry\img2318.png,complete,bounding-box,022856543583403388,0.3780260707635009,0.26970825337386883,0.2122905027932961,0.20297951582867785,NoEntry,,#f44336,,,,,,,,,
samples.96,,sllgyrz5d,file://C:\Users\gabri\Documents\UofT\APS360\Project\AugData\AugData\NoEntry\img2319.png,complete,bounding-box,20934158877620712,0.388268156424581,0.25015518074817056,0.15456238361266295,0.17132216014897578,NoEntry,,#f44336,,,,,,,,,
samples.97,,s7krvcpcx,file://C:\Users\gabri\Documents\UofT\APS360\Project\AugData\AugData\NoEntry\img2320.png,complete,bounding-box,6996509068120191,0.48044692737430167,0.4196151435042227,0.13407821229050276,0.11545623836126628,NoEntry,,#f44336,,,,,,,,,
samples.98,,s8yor4fhb,file://C:\Users\gabri\Documents\UofT\APS360\Project\AugData\AugData\NoEntry\img2321.png,complete,bounding-box,9116793031844195,0.6592178770949721,0.3013656090535709,0.059590316573556845,0.10614525139664807,NoEntry,,#f44336,,,,,,,,,
samples.99,,sf70fmukn,file://C:\Users\gabri\Documents\UofT\APS360\Project\AugData\AugData\NoEntry\img2322.png,complete,bounding-box,9082639896272866,0.2653631284916201,0.45965238745208115,0.13966480446927373,0.14338919925512106,NoEntry,,#f44336,,,,,,,,,
samples.100,,swlrafyn6,file://C:\Users\gabri\Documents\UofT\APS360\Project\AugData\AugData\NoEntry\img2323.png,complete,bounding-box,31579151846583775,0.702048417132216,0.46617007832731394,0.11545623836126628,0.14152700186219747,NoEntry,,#f44336,bounding-box,12952164947379052,0.3156424581005587,0.45499689396977205,0.10614525139664804,0.16387337057728124,30kmh,,#4caf50
samples.101,,smwe10xtn,file://C:\Users\gabri\Documents\UofT\APS360\Project\AugData\AugData\NoEntry\img2324.png,complete,bounding-box,6348380966148492,0.5139664804469274,0.4903786444353214,0.08193668528864056,0.12290502793296093,NoEntry,,#f44336,,,,,,,,,
samples.102,,slvpmu1da,file://C:\Users\gabri\Documents\UofT\APS360\Project\AugData\AugData\NoEntry\img2325.png,complete,bounding-box,33221495970619586,0.223463687150838,0.566728737545191,0.13407821229050282,0.14897579143389206,NoEntry,,#f44336,,,,,,,,,
samples.103,,sd2at9kmq,file://C:\Users\gabri\Documents\UofT\APS360\Project\AugData\AugData\NoEntry\img2326.png,complete,bounding-box,906295496256339,0.3780260707635009,0.2948479181783381,0.07076350093109868,0.08938547486033516,NoEntry,,#f44336,,,,,,,,,
samples.104,,sye6vfr9f,file://C:\Users\gabri\Documents\UofT\APS360\Project\AugData\AugData\NoEntry\img2327.png,complete,bounding-box,46382182839688424,0.3873370577281192,0.2985723129641854,0.13407821229050282,0.148975791433892,NoEntry,,#f44336,,,,,,,,,
samples.105,,skuujliat,file://C:\Users\gabri\Documents\UofT\APS360\Project\AugData\AugData\NoEntry\img2328.png,complete,bounding-box,5467496708020185,0.4338919925512104,0.5797641192956566,0.13407821229050276,0.2830540037243948,NoEntry,,#f44336,,,,,,,,,
samples.106,,sdja2mxnh,file://C:\Users\gabri\Documents\UofT\APS360\Project\AugData\AugData\NoEntry\img2329.png,complete,bounding-box,5833336834607075,0.44320297951582865,0.2846058325172581,0.16387337057728119,0.15456238361266295,NoEntry,,#f44336,,,,,,,,,
samples.107,,ssvo68d1o,file://C:\Users\gabri\Documents\UofT\APS360\Project\AugData\AugData\NoEntry\img2330.png,complete,bounding-box,3258727423244874,0.1945996275605214,0.4261328343794555,0.07262569832402235,0.07635009310986968,NoEntry,,#f44336,,,,,,,,,
samples.108,,sdbk5awrq,file://C:\Users\gabri\Documents\UofT\APS360\Project\AugData\AugData\NoEntry\img2331.png,complete,bounding-box,7017919859272939,0.45251396648044695,0.8088143986252656,0.1527001862197393,0.1899441340782123,NoEntry,,#f44336,,,,,,,,,
samples.109,,s3rj7fkrk,file://C:\Users\gabri\Documents\UofT\APS360\Project\AugData\AugData\NoEntry\img2332.png,complete,bounding-box,3115798872447946,0.33147113594040967,0.29857231296418546,0.07448789571694597,0.1340782122905028,NoEntry,,#f44336,,,,,,,,,
samples.110,,srv3b5o65,file://C:\Users\gabri\Documents\UofT\APS360\Project\AugData\AugData\NoEntry\img2333.png,complete,bounding-box,9877555937244322,0.38361266294227186,0.2669149572844834,0.2011173184357542,0.2346368715083799,NoEntry,,#f44336,,,,,,,,,
samples.111,,sxg8lkb18,file://C:\Users\gabri\Documents\UofT\APS360\Project\AugData\AugData\NoEntry\img2334.png,complete,bounding-box,5141322475605585,0.36033519553072624,0.2268777133366249,0.15456238361266295,0.1396648044692737,NoEntry,,#f44336,,,,,,,,,
samples.112,,sppukgbf8,file://C:\Users\gabri\Documents\UofT\APS360\Project\AugData\AugData\NoEntry\img2335.png,complete,bounding-box,05631699249444333,0.21415270018621974,0.2780881416420253,0.11173184357541899,0.1005586592178771,NoEntry,,#f44336,,,,,,,,,
samples.113,,sompol6ip,file://C:\Users\gabri\Documents\UofT\APS360\Project\AugData\AugData\NoEntry\img2336.png,complete,bounding-box,252606923825929,0.2718808193668529,0.1933581602639992,0.1638733705772812,0.14711359404096835,NoEntry,,#f44336,,,,,,,,,
samples.114,,s0td514yj,file://C:\Users\gabri\Documents\UofT\APS360\Project\AugData\AugData\NoEntry\img2337.png,complete,bounding-box,554047178010634,0.26908752327746743,0.1961514563533847,0.17318435754189945,0.20856610800744882,NoEntry,,#f44336,,,,,,,,,
samples.115,,sfwevsrp3,file://C:\Users\gabri\Documents\UofT\APS360\Project\AugData\AugData\NoEntry\img2338.png,complete,bounding-box,8568198336482342,0.24860335195530728,0.23153320681893405,0.19180633147113596,0.148975791433892,NoEntry,,#f44336,,,,,,,,,
samples.116,,smehb8jd8,file://C:\Users\gabri\Documents\UofT\APS360\Project\AugData\AugData\NoEntry\img2339.png,complete,bounding-box,7350123951394665,0.276536312849162,0.22315331855077764,0.19180633147113593,0.16945996275605216,NoEntry,,#f44336,,,,,,,,,
samples.117,,sd7dwh08e,file://C:\Users\gabri\Documents\UofT\APS360\Project\AugData\AugData\NoEntry\img2340.png,complete,bounding-box,5912177776881133,0.8743016759776536,0.3879577878245206,0.09124767225325892,0.07448789571694597,NoEntry,,#f44336,,,,,,,,,
samples.118,,s98yn77rs,file://C:\Users\gabri\Documents\UofT\APS360\Project\AugData\AugData\NoEntry\img2341.png,complete,bounding-box,8213277439118585,0.35567970204841715,0.28553693121371987,0.09310986964618251,0.12290502793296088,NoEntry,,#f44336,,,,,,,,,
samples.119,,sivvkjjec,file://C:\Users\gabri\Documents\UofT\APS360\Project\AugData\AugData\NoEntry\img2342.png,complete,bounding-box,546114821782538,0.515828677839851,0.28181253642787263,0.10055865921787704,0.1527001862197393,NoEntry,,#f44336,,,,,,,,,
samples.120,,s4ls32d1x,file://C:\Users\gabri\Documents\UofT\APS360\Project\AugData\AugData\NoEntry\img251.png,complete,bounding-box,21153869136297443,0.22346368715083798,0.37306020868113143,0.10428305400372437,0.11918063314711358,NoEntry,,#f44336,bounding-box,07011975709101481,0.9171322160148976,0.44475480830869196,0.05027932960893855,0.07635009310986962,NoEntry,,#f44336
samples.121,,s6v5xofmw,file://C:\Users\gabri\Documents\UofT\APS360\Project\AugData\AugData\NoEntry\img252.png,complete,bounding-box,5593370015164105,0.39013035381750466,0.25481067423047965,0.12849162011173187,0.13594040968342644,NoEntry,,#f44336,,,,,,,,,
samples.122,,s37k5trcy,file://C:\Users\gabri\Documents\UofT\APS360\Project\AugData\AugData\NoEntry\img253.png,complete,bounding-box,18354554512577193,0.3081936685288641,0.37306020868113143,0.10242085661080075,0.11173184357541899,NoEntry,,#f44336,,,,,,,,,
samples.123,,s8aubd0kn,file://C:\Users\gabri\Documents\UofT\APS360\Project\AugData\AugData\NoEntry\img254.png,complete,bounding-box,32892926106129816,0.12756052141527002,0.5266914935973326,0.06145251396648045,0.10242085661080075,NoEntry,,#f44336,bounding-box,11856460851970207,0.9608938547486033,0.2631905624986361,0.09310986964618251,0.1378026070763501,NoLeft,,#2196f3
samples.124,,sf00e9f3u,file://C:\Users\gabri\Documents\UofT\APS360\Project\AugData\AugData\NoEntry\img255.png,complete,bounding-box,506689116712405,0.6685288640595903,0.401924268271448,0.10800744878957169,0.07635009310986962,NoEntry,,#f44336,,,,,,,,,
samples.125,,smx7kbxhm,file://C:\Users\gabri\Documents\UofT\APS360\Project\AugData\AugData\NoEntry\img256.png,complete,bounding-box,5683227628857861,0.43296089385474856,0.15052762022675525,0.09869646182495345,0.12104283054003726,NoEntry,,#f44336,,,,,,,,,
samples.126,,sv1dd48vq,file://C:\Users\gabri\Documents\UofT\APS360\Project\AugData\AugData\NoEntry\img257.png,complete,bounding-box,9371698732722658,0.39757914338919925,0.2846058325172581,0.11359404096834269,0.08752327746741154,NoEntry,,#f44336,,,,,,,,,
samples.127,,ssxx88cdc,file://C:\Users\gabri\Documents\UofT\APS360\Project\AugData\AugData\NoEntry\img258.png,complete,bounding-box,8434641848232951,0.13314711359404097,0.4289261304688409,0.12104283054003723,0.10800744878957169,NoEntry,,#f44336,,,,,,,,,
samples.128,,sidgyede6,file://C:\Users\gabri\Documents\UofT\APS360\Project\AugData\AugData\NoEntry\img259.png,complete,bounding-box,8156351984464729,0.3100558659217877,0.2706393520703307,0.09124767225325886,0.1042830540037244,NoEntry,,#f44336,,,,,,,,,
samples.129,,sbbq5oh9c,file://C:\Users\gabri\Documents\UofT\APS360\Project\AugData\AugData\NoEntry\img260.png,complete,bounding-box,8796342925033425,0.28584729981378026,0.26132836510571245,0.10986964618249531,0.14152700186219738,NoEntry,,#f44336,,,,,,,,,
samples.130,,si450gowd,file://C:\Users\gabri\Documents\UofT\APS360\Project\AugData\AugData\NoEntry\img261.png,complete,bounding-box,6867765906437897,0.6973929236499069,0.4084419591466808,0.10986964618249528,0.08566108007448786,NoEntry,,#f44336,,,,,,,,,
samples.131,,stlzr7m1g,file://C:\Users\gabri\Documents\UofT\APS360\Project\AugData\AugData\NoEntry\img262.png,complete,bounding-box,1397845963786679,0.45344506517690875,0.237119798997705,0.1471135940409684,0.16759776536312848,NoEntry,,#f44336,,,,,,,,,
samples.132,,saswezu6s,file://C:\Users\gabri\Documents\UofT\APS360\Project\AugData\AugData\NoEntry\img263.png,complete,bounding-box,9666749424644407,0.5391061452513967,0.3386095569120439,0.1545623836126629,0.13966480446927376,NoEntry,,#f44336,,,,,,,,,
samples.133,,swfbtp8br,file://C:\Users\gabri\Documents\UofT\APS360\Project\AugData\AugData\NoEntry\img264.png,complete,bounding-box,8480411513333246,0.43854748603351956,0.34419614909081486,0.13221601489757911,0.1880819366852886,NoEntry,,#f44336,,,,,,,,,
samples.134,,sfu9qmogn,file://C:\Users\gabri\Documents\UofT\APS360\Project\AugData\AugData\NoEntry\img265.png,complete,bounding-box,4626060812648023,0.388268156424581,0.4261328343794555,0.13221601489757917,0.12104283054003723,NoEntry,,#f44336,,,,,,,,,
samples.135,,sdcfwyy5n,file://C:\Users\gabri\Documents\UofT\APS360\Project\AugData\AugData\NoEntry\img266.png,complete,bounding-box,9530990676123905,0.4031657355679702,0.25853506901632695,0.19925512104283055,0.19925512104283055,NoEntry,,#f44336,,,,,,,,,
samples.136,,sqd9gbot8,file://C:\Users\gabri\Documents\UofT\APS360\Project\AugData\AugData\NoEntry\img267.png,complete,bounding-box,36132593629469323,0.3817504655493482,0.2492240820517087,0.1601489757914339,0.15083798882681565,NoEntry,,#f44336,,,,,,,,,
samples.137,,seo5il5dl,file://C:\Users\gabri\Documents\UofT\APS360\Project\AugData\AugData\NoEntry\img268.png,complete,bounding-box,03372132255876825,0.45623836126629425,0.4130974526289899,0.13035381750465552,0.09869646182495345,NoEntry,,#f44336,,,,,,,,,
samples.138,,sxyse69w3,file://C:\Users\gabri\Documents\UofT\APS360\Project\AugData\AugData\NoEntry\img269.png,complete,bounding-box,5718372377801297,0.6741154562383613,0.3088143986252655,0.059590316573556845,0.10986964618249534,NoEntry,,#f44336,,,,,,,,,
samples.139,,saulkaeps,file://C:\Users\gabri\Documents\UofT\APS360\Project\AugData\AugData\NoEntry\img270.png,complete,bounding-box,10775218865686997,0.2746741154562384,0.3981998734856007,0.15828677839851027,0.16945996275605213,NoEntry,,#f44336,,,,,,,,,
samples.140,,szl8p75la,file://C:\Users\gabri\Documents\UofT\APS360\Project\AugData\AugData\NoEntry\img271.png,complete,bounding-box,011962123450762085,0.6834264432029795,0.4261328343794554,0.12290502793296088,0.15456238361266295,NoEntry,,#f44336,bounding-box,347368184693029,0.319366852886406,0.5155183092397906,0.10242085661080075,0.16201117318435754,30kmh,,#4caf50
samples.141,,s5srb6n7s,file://C:\Users\gabri\Documents\UofT\APS360\Project\AugData\AugData\NoEntry\img272.png,complete,bounding-box,15959692285089577,0.5139664804469274,0.497827434007016,0.09683426443202975,0.12290502793296093,NoEntry,,#f44336,,,,,,,,,
samples.142,,szgo6hiz4,file://C:\Users\gabri\Documents\UofT\APS360\Project\AugData\AugData\NoEntry\img273.png,complete,bounding-box,7934117984733926,0.21508379888268156,0.46058348614854294,0.11359404096834264,0.13780260707635006,NoEntry,,#f44336,,,,,,,,,
samples.143,,sfb0pcsvr,file://C:\Users\gabri\Documents\UofT\APS360\Project\AugData\AugData\NoEntry\img274.png,complete,bounding-box,3347615722283017,0.3873370577281192,0.2846058325172581,0.06703910614525138,0.09124767225325883,NoEntry,,#f44336,,,,,,,,,
samples.144,,sgz1oatwv,file://C:\Users\gabri\Documents\UofT\APS360\Project\AugData\AugData\NoEntry\img275.png,complete,bounding-box,3094233660621388,0.3994413407821229,0.2818125364278726,0.13594040968342647,0.18994413407821228,NoEntry,,#f44336,,,,,,,,,
samples.145,,sx281kji9,file://C:\Users\gabri\Documents\UofT\APS360\Project\AugData\AugData\NoEntry\img276.png,complete,bounding-box,4193762205771867,0.441340782122905,0.5639354414558055,0.1005586592178771,0.2774674115456239,NoEntry,,#f44336,,,,,,,,,
samples.146,,sp8qaxa2a,file://C:\Users\gabri\Documents\UofT\APS360\Project\AugData\AugData\NoEntry\img277.png,complete,bounding-box,609000320618768,0.4227188081936685,0.2836747338207962,0.18249534450651772,0.1564245810055866,NoEntry,,#f44336,,,,,,,,,
samples.147,,sjni4kd0b,file://C:\Users\gabri\Documents\UofT\APS360\Project\AugData\AugData\NoEntry\img278.png,complete,bounding-box,5020436857913111,0.21042830540037244,0.37678460346697873,0.07821229050279327,0.11918063314711358,NoEntry,,#f44336,,,,,,,,,
samples.148,,s78g8hfkd,file://C:\Users\gabri\Documents\UofT\APS360\Project\AugData\AugData\NoEntry\img279.png,complete,bounding-box,5165930912525545,0.5074487895716946,0.8106765960181892,0.15083798882681565,0.22346368715083798,NoEntry,,#f44336,,,,,,,,,
samples.149,,sttxgk0pu,file://C:\Users\gabri\Documents\UofT\APS360\Project\AugData\AugData\NoEntry\img280.png,complete,bounding-box,5976829585584291,0.36033519553072624,0.274363746856178,0.08007448789571697,0.13407821229050276,NoEntry,,#f44336,,,,,,,,,
samples.150,,szg0h3aag,file://C:\Users\gabri\Documents\UofT\APS360\Project\AugData\AugData\NoEntry\img281.png,complete,bounding-box,027605118169850007,0.45530726256983245,0.24363748987293776,0.1657355679702049,0.22160148975791435,NoEntry,,#f44336,,,,,,,,,
samples.151,,sckvpvvot,file://C:\Users\gabri\Documents\UofT\APS360\Project\AugData\AugData\NoEntry\img2816.png,complete,bounding-box,7185896321125578,0.2383612662942272,0.34792054387666216,0.07448789571694597,0.11731843575418999,NoEntry,,#f44336,,,,,,,,,
samples.152,,s2ziqy7vr,file://C:\Users\gabri\Documents\UofT\APS360\Project\AugData\AugData\NoEntry\img2817.png,complete,bounding-box,8976359019261484,0.39385474860335196,0.26598385858802154,0.12476722532588458,0.10986964618249534,NoEntry,,#f44336,,,,,,,,,
samples.153,,ssd5ik2d8,file://C:\Users\gabri\Documents\UofT\APS360\Project\AugData\AugData\NoEntry\img2818.png,complete,bounding-box,26077546933849227,0.2806852886405959,0.3889559256271277,0.10618994413407823,0.12549720670391062,NoEntry,,#f44336,,,,,,,,,
samples.154,,sfb71qy4f,file://C:\Users\gabri\Documents\UofT\APS360\Project\AugData\AugData\NoEntry\img2819.png,complete,bounding-box,5868582580380746,0.12756052141527002,0.5816263166885802,0.05772811918063314,0.1042830540037244,NoEntry,,#f44336,bounding-box,9008161084097279,0.9143389199255121,0.2036002459250793,0.05214152700186214,0.11545623836126631,NoLeft,,#2196f3
samples.155,,sjd5sf9o8,file://C:\Users\gabri\Documents\UofT\APS360\Project\AugData\AugData\NoEntry\img282.png,complete,bounding-box,5068396177440135,0.25418994413407825,0.31067659601818914,0.18435754189944137,0.14338919925512103,NoEntry,,#f44336,,,,,,,,,
samples.156,,sna7rvxjo,file://C:\Users\gabri\Documents\UofT\APS360\Project\AugData\AugData\NoEntry\img2820.png,complete,bounding-box,8991942776367963,0.6461824953445066,0.3842333930386733,0.1005586592178771,0.08193668528864062,NoEntry,,#f44336,,,,,,,,,
samples.157,,s43b1zqdz,file://C:\Users\gabri\Documents\UofT\APS360\Project\AugData\AugData\NoEntry\img2821.png,complete,bounding-box,35315565022171613,0.4068901303538175,0.1561142124055262,0.10242085661080075,0.13966480446927373,NoEntry,,#f44336,,,,,,,,,
samples.158,,syud28eke,file://C:\Users\gabri\Documents\UofT\APS360\Project\AugData\AugData\NoEntry\img2822.png,complete,bounding-box,07308418761215929,0.36964618249534453,0.3078832999288037,0.1359404096834264,0.10800744878957169,NoEntry,,#f44336,,,,,,,,,
samples.159,,sg3vol8ng,file://C:\Users\gabri\Documents\UofT\APS360\Project\AugData\AugData\NoEntry\img2823.png,complete,bounding-box,07998633587251147,0.12942271880819367,0.37585350477051693,0.11731843575418995,0.12476722532588452,NoEntry,,#f44336,,,,,,,,,
samples.160,,s86cs8o59,file://C:\Users\gabri\Documents\UofT\APS360\Project\AugData\AugData\NoEntry\img2824.png,complete,bounding-box,2912201151291536,0.329608938547486,0.24270639117647597,0.08566108007448792,0.11918063314711361,NoEntry,,#f44336,,,,,,,,,
samples.161,,sht0uqjnw,file://C:\Users\gabri\Documents\UofT\APS360\Project\AugData\AugData\NoEntry\img2825.png,complete,bounding-box,6411719152332971,0.2849162011173184,0.2669149572844834,0.09310986964618248,0.14152700186219738,NoEntry,,#f44336,,,,,,,,,
samples.162,,smisoocvj,file://C:\Users\gabri\Documents\UofT\APS360\Project\AugData\AugData\NoEntry\img2826.png,complete,bounding-box,1293606537549612,0.702048417132216,0.4009931695749862,0.1005586592178771,0.11545623836126634,NoEntry,,#f44336,,,,,,,,,
samples.163,,sp39vx56r,file://C:\Users\gabri\Documents\UofT\APS360\Project\AugData\AugData\NoEntry\img2827.png,complete,bounding-box,46418966445105814,0.6163873370577281,0.2464307859623232,0.08566108007448792,0.19366852886405958,NoEntry,,#f44336,,,,,,,,,
samples.164,,spbteb0lb,file://C:\Users\gabri\Documents\UofT\APS360\Project\AugData\AugData\NoEntry\img2828.png,complete,bounding-box,6107281592998635,0.5893854748603352,0.33767845821558207,0.13594040968342647,0.11173184357541899,NoEntry,,#f44336,,,,,,,,,
samples.165,,ssavlrgsl,file://C:\Users\gabri\Documents\UofT\APS360\Project\AugData\AugData\NoEntry\img2829.png,complete,bounding-box,3336710474638316,0.4068901303538175,0.34512724778727666,0.11731843575418993,0.16759776536312848,NoEntry,,#f44336,,,,,,,,,
samples.166,,so39ampss,file://C:\Users\gabri\Documents\UofT\APS360\Project\AugData\AugData\NoEntry\img283.png,complete,bounding-box,1989027871058373,0.33519553072625696,0.18963376547815192,0.08938547486033516,0.08379888268156427,NoEntry,,#f44336,,,,,,,,,
samples.167,,s790yquol,file://C:\Users\gabri\Documents\UofT\APS360\Project\AugData\AugData\NoEntry\img2830.png,complete,bounding-box,5643431628786351,0.3743016759776536,0.4400993148263828,0.13780260707635006,0.12662942271880817,NoEntry,,#f44336,,,,,,,,,
samples.168,,sllyg0web,file://C:\Users\gabri\Documents\UofT\APS360\Project\AugData\AugData\NoEntry\img2831.png,complete,bounding-box,862475754851338,0.4059590316573557,0.252948476837556,0.1936685288640596,0.21042830540037247,NoEntry,,#f44336,,,,,,,,,
samples.169,,s7utab2dd,file://C:\Users\gabri\Documents\UofT\APS360\Project\AugData\AugData\NoEntry\img2832.png,complete,bounding-box,5716130695839503,0.3296089385474861,0.2929857207854145,0.1452513966480447,0.13780260707635011,NoEntry,,#f44336,,,,,,,,,
samples.170,,sy0g4q6ii,file://C:\Users\gabri\Documents\UofT\APS360\Project\AugData\AugData\NoEntry\img2833.png,complete,bounding-box,8972525601458052,0.4813780260707635,0.4009931695749862,0.10986964618249534,0.10055865921787704,NoEntry,,#f44336,,,,,,,,,
samples.171,,snfqdbm3l,file://C:\Users\gabri\Documents\UofT\APS360\Project\AugData\AugData\NoEntry\img2834.png,complete,bounding-box,4612101858318318,0.6675977653631285,0.3144009908040365,0.05772811918063314,0.10614525139664804,NoEntry,,#f44336,,,,,,,,,
samples.172,,stn5ehprh,file://C:\Users\gabri\Documents\UofT\APS360\Project\AugData\AugData\NoEntry\img2835.png,complete,bounding-box,37062358407122353,0.2653631284916201,0.4214773408971463,0.14711359404096833,0.1564245810055866,NoEntry,,#f44336,,,,,,,,,
samples.173,,smpgmitbe,file://C:\Users\gabri\Documents\UofT\APS360\Project\AugData\AugData\NoEntry\img2836.png,complete,bounding-box,18614552309752996,0.6657355679702048,0.3981998734856007,0.12104283054003728,0.14338919925512106,NoEntry,,#f44336,bounding-box,9186033579131059,0.33798882681564246,0.5462445662230309,0.08379888268156421,0.12290502793296088,30kmh,,#4caf50
samples.174,,sttub36f8,file://C:\Users\gabri\Documents\UofT\APS360\Project\AugData\AugData\NoEntry\img2837.png,complete,bounding-box,9387317356279676,0.5093109869646183,0.4968963353105541,0.11731843575418993,0.12104283054003723,NoEntry,,#f44336,,,,,,,,,
samples.175,,saz1ztzve,file://C:\Users\gabri\Documents\UofT\APS360\Project\AugData\AugData\NoEntry\img2838.png,complete,bounding-box,03610192683770719,0.23463687150837992,0.603972685403664,0.11918063314711361,0.13780260707635006,NoEntry,,#f44336,bounding-box,2680166580023786,0.8510242085661079,0.37864680085990243,0.01862197392923648,0.055865921787709494,NoEntry,,#f44336
samples.176,,sem52iffl,file://C:\Users\gabri\Documents\UofT\APS360\Project\AugData\AugData\NoEntry\img2839.png,complete,bounding-box,49707658318294357,0.35381750465549344,0.2976412142677236,0.055865921787709494,0.06517690875232773,NoEntry,,#f44336,,,,,,,,,
samples.177,,sjnhk4psd,file://C:\Users\gabri\Documents\UofT\APS360\Project\AugData\AugData\NoEntry\img284.png,complete,bounding-box,9277884070616527,0.292364990689013,0.1663562980666063,0.17504655493482307,0.1527001862197393,NoEntry,,#f44336,,,,,,,,,
samples.178,,sdts86636,file://C:\Users\gabri\Documents\UofT\APS360\Project\AugData\AugData\NoEntry\img2840.png,complete,bounding-box,13255047318947288,0.3715083798882681,0.3097454973217273,0.13221601489757911,0.1601489757914339,NoEntry,,#f44336,,,,,,,,,
samples.179,,s8tp38t8n,file://C:\Users\gabri\Documents\UofT\APS360\Project\AugData\AugData\NoEntry\img2841.png,complete,bounding-box,08536890205001058,0.43854748603351956,0.5713842310275001,0.12104283054003723,0.33333333333333326,NoEntry,,#f44336,,,,,,,,,
samples.180,,skevhnx8s,file://C:\Users\gabri\Documents\UofT\APS360\Project\AugData\AugData\NoEntry\img2842.png,complete,bounding-box,4608399636380158,0.3817504655493482,0.3199875829828074,0.2085661080074488,0.13221601489757911,NoEntry,,#f44336,,,,,,,,,
samples.181,,scdwd57ce,file://C:\Users\gabri\Documents\UofT\APS360\Project\AugData\AugData\NoEntry\img2843.png,complete,bounding-box,23381359103954868,0.24208566108007448,0.3283674712509638,0.08193668528864056,0.09310986964618251,NoEntry,,#f44336,,,,,,,,,
samples.182,,sa4kyasss,file://C:\Users\gabri\Documents\UofT\APS360\Project\AugData\AugData\NoEntry\img2844.png,complete,bounding-box,9576463886164659,0.5223463687150838,0.8106765960181892,0.1359404096834264,0.2048417132216015,NoEntry,,#f44336,,,,,,,,,
samples.183,,sv05vhu2w,file://C:\Users\gabri\Documents\UofT\APS360\Project\AugData\AugData\NoEntry\img2845.png,complete,bounding-box,14619213611951976,0.33519553072625696,0.28833022730310537,0.0968342644320298,0.13221601489757917,NoEntry,,#f44336,,,,,,,,,
samples.184,,sndiivq6c,file://C:\Users\gabri\Documents\UofT\APS360\Project\AugData\AugData\NoEntry\img2846.png,complete,bounding-box,7876201218697845,0.4087523277467412,0.24829298335524685,0.18808193668528866,0.19366852886405958,NoEntry,,#f44336,,,,,,,,,
samples.185,,s60ja47ol,file://C:\Users\gabri\Documents\UofT\APS360\Project\AugData\AugData\NoEntry\img2847.png,complete,bounding-box,5774137215216044,0.319366852886406,0.24736188465878506,0.13221601489757911,0.13594040968342644,NoEntry,,#f44336,,,,,,,,,
samples.186,,ssn94vnyj,file://C:\Users\gabri\Documents\UofT\APS360\Project\AugData\AugData\NoEntry\img2848.png,complete,bounding-box,33648299019012695,0.2085661080074488,0.2818125364278726,0.14525139664804468,0.08566108007448789,NoEntry,,#f44336,,,,,,,,,
samples.187,,stvur817o,file://C:\Users\gabri\Documents\UofT\APS360\Project\AugData\AugData\NoEntry\img2849.png,complete,bounding-box,7593742584159855,0.23370577281191807,0.20918683810385025,0.16945996275605213,0.14525139664804468,NoEntry,,#f44336,,,,,,,,,
samples.188,,srdk6yrhs,file://C:\Users\gabri\Documents\UofT\APS360\Project\AugData\AugData\NoEntry\img285.png,complete,bounding-box,8308443655614246,0.2467411545623836,0.22687771333662493,0.17690875232774672,0.19925512104283052,NoEntry,,#f44336,,,,,,,,,
samples.189,,saqfj2phf,file://C:\Users\gabri\Documents\UofT\APS360\Project\AugData\AugData\NoEntry\img2850.png,complete,bounding-box,7149106838561448,0.20577281191806335,0.26970825337386883,0.18435754189944137,0.19180633147113596,NoEntry,,#f44336,,,,,,,,,
samples.190,,sw0zq3ojj,file://C:\Users\gabri\Documents\UofT\APS360\Project\AugData\AugData\NoEntry\img2851.png,complete,bounding-box,7516280533117223,0.36778398510242083,0.1514587189232171,0.1545623836126629,0.1303538175046555,NoEntry,,#f44336,,,,,,,,,
samples.191,,snszoaa4h,file://C:\Users\gabri\Documents\UofT\APS360\Project\AugData\AugData\NoEntry\img2852.png,complete,bounding-box,3537082305561208,0.3100558659217877,0.20546244331800292,0.17690875232774678,0.18249534450651766,NoEntry,,#f44336,,,,,,,,,
samples.192,,sbisn2h2l,file://C:\Users\gabri\Documents\UofT\APS360\Project\AugData\AugData\NoEntry\img2853.png,complete,bounding-box,44605447149501654,0.074487895716946,0.29950341166064726,0.0670391061452514,0.11731843575418996,NoEntry,,#f44336,bounding-box,10692346132194808,0.8864059590316573,0.47361886789900853,0.048417132216014847,0.06703910614525138,NoEntry,,#f44336
samples.193,,s34ie6f4f,file://C:\Users\gabri\Documents\UofT\APS360\Project\AugData\AugData\NoEntry\img2854.png,complete,bounding-box,6315605175616859,0.44878957169459965,0.2594661677127888,0.09310986964618245,0.11545623836126631,NoEntry,,#f44336,,,,,,,,,
samples.194,,s150pnkas,file://C:\Users\gabri\Documents\UofT\APS360\Project\AugData\AugData\NoEntry\img2855.png,complete,bounding-box,7225224600919871,0.5065176908752327,0.27343264815971613,0.12662942271880817,0.14338919925512103,NoEntry,,#f44336,,,,,,,,,
samples.195,,s4g63djca,file://C:\Users\gabri\Documents\UofT\APS360\Project\AugData\AugData\NoEntry\img286.png,complete,bounding-box,1869612258732043,0.3249534450651769,0.17846058112061003,0.14711359404096835,0.15083798882681565,NoEntry,,#f44336,,,,,,,,,
samples.196,,sujdr5pnm,file://C:\Users\gabri\Documents\UofT\APS360\Project\AugData\AugData\NoEntry\img287.png,complete,bounding-box,41793856121713135,0.21880819366852888,0.27250154946325433,0.18435754189944134,0.1936685288640596,NoEntry,,#f44336,,,,,,,,,
samples.197,,ss8unhe56,file://C:\Users\gabri\Documents\UofT\APS360\Project\AugData\AugData\NoEntry\img288.png,complete,bounding-box,5906737320520954,0.1201117318435754,0.20266914722861745,0.04655493482309124,0.08379888268156424,NoEntry,,#f44336,bounding-box,48754789556511047,0.8836126629422718,0.5490378623124164,0.054003724394785846,0.07262569832402233,NoEntry,,#f44336
samples.198,,s3e46lp8r,file://C:\Users\gabri\Documents\UofT\APS360\Project\AugData\AugData\NoEntry\img289.png,complete,bounding-box,3239467918218726,0.33426443202979517,0.3144009908040365,0.13594040968342647,0.12849162011173182,NoEntry,,#f44336,,,,,,,,,
samples.199,,s437hzd0g,file://C:\Users\gabri\Documents\UofT\APS360\Project\AugData\AugData\NoEntry\img290.png,complete,bounding-box,14984547061072173,0.5540037243947858,0.28181253642787263,0.11731843575418993,0.13780260707635011,NoEntry,,#f44336,,,,,,,,,
samples.200,,s2985qbae,file://C:\Users\gabri\Documents\UofT\APS360\Project\AugData\AugData\NoEntry\img3329.png,complete,bounding-box,730002319502614,0.21042830540037244,0.44847920309453926,0.07821229050279327,0.12104283054003728,NoEntry,,#f44336,,,,,,,,,
samples.201,,s801v5rxe,file://C:\Users\gabri\Documents\UofT\APS360\Project\AugData\AugData\NoEntry\img3330.png,complete,bounding-box,06596770511499139,0.33054003724394787,0.3004345103571091,0.12849162011173187,0.1303538175046555,NoEntry,,#f44336,,,,,,,,,
samples.202,,skgymlkme,file://C:\Users\gabri\Documents\UofT\APS360\Project\AugData\AugData\NoEntry\img3331.png,complete,bounding-box,3351423758556775,0.313780260707635,0.35816262953774225,0.08379888268156427,0.11173184357541899,NoEntry,,#f44336,,,,,,,,,
samples.203,,skmzfcwz7,file://C:\Users\gabri\Documents\UofT\APS360\Project\AugData\AugData\NoEntry\img3332.png,complete,bounding-box,17798504987209252,0.14804469273743018,0.6710117915489153,0.06517690875232775,0.0968342644320298,NoEntry,,#f44336,bounding-box,028264641377622635,0.8379888268156425,0.12725015281520963,0.0893854748603351,0.1378026070763501,NoLeft,,#2196f3
samples.204,,seo148egq,file://C:\Users\gabri\Documents\UofT\APS360\Project\AugData\AugData\NoEntry\img3333.png,complete,bounding-box,4849161653562821,0.6312849162011174,0.37585350477051693,0.1080074487895718,0.09124767225325886,NoEntry,,#f44336,,,,,,,,,
samples.205,,sade2gozt,file://C:\Users\gabri\Documents\UofT\APS360\Project\AugData\AugData\NoEntry\img3334.png,complete,bounding-box,5351947683345994,0.5010055865921788,0.14810676361595454,0.08700186219739287,0.13467411545623836,NoEntry,,#f44336,,,,,,,,,
samples.206,,sprwcj6zd,file://C:\Users\gabri\Documents\UofT\APS360\Project\AugData\AugData\NoEntry\img3335.png,complete,bounding-box,1463886146130673,0.4264432029795158,0.26505275989155974,0.1005586592178771,0.08938547486033521,NoEntry,,#f44336,,,,,,,,,
samples.207,,sn4qxbk8l,file://C:\Users\gabri\Documents\UofT\APS360\Project\AugData\AugData\NoEntry\img3336.png,complete,bounding-box,20555580359747272,0.13594040968342644,0.35816262953774225,0.11173184357541899,0.11918063314711358,NoEntry,,#f44336,,,,,,,,,
samples.208,,srgvef2yu,file://C:\Users\gabri\Documents\UofT\APS360\Project\AugData\AugData\NoEntry\img3337.png,complete,bounding-box,004831014969602254,0.2681564245810056,0.31346989210757464,0.1042830540037244,0.12290502793296088,NoEntry,,#f44336,,,,,,,,,
samples.209,,sfpwe2s1n,file://C:\Users\gabri\Documents\UofT\APS360\Project\AugData\AugData\NoEntry\img3338.png,complete,bounding-box,16803940280273233,0.27932960893854747,0.26877715467740704,0.08938547486033518,0.1340782122905028,NoEntry,,#f44336,,,,,,,,,
samples.210,,se8s0qt0f,file://C:\Users\gabri\Documents\UofT\APS360\Project\AugData\AugData\NoEntry\img3339.png,complete,bounding-box,5050016001553246,0.6824953445065176,0.36095592562712775,0.10614525139664799,0.10614525139664804,NoEntry,,#f44336,,,,,,,,,
samples.211,,sio6fvgtj,file://C:\Users\gabri\Documents\UofT\APS360\Project\AugData\AugData\NoEntry\img3340.png,complete,bounding-box,3529382166834707,0.49441340782122906,0.21663562767554484,0.1024208566108008,0.1638733705772812,NoEntry,,#f44336,,,,,,,,,
samples.212,,srzt91rdc,file://C:\Users\gabri\Documents\UofT\APS360\Project\AugData\AugData\NoEntry\img3341.png,complete,bounding-box,834650225060731,0.553072625698324,0.3283674712509639,0.1452513966480447,0.1564245810055866,NoEntry,,#f44336,,,,,,,,,
samples.213,,shbvo9z4q,file://C:\Users\gabri\Documents\UofT\APS360\Project\AugData\AugData\NoEntry\img3342.png,complete,bounding-box,1884306008648906,0.46461824953445063,0.3320918660368111,0.12104283054003723,0.186219739292365,NoEntry,,#f44336,,,,,,,,,
samples.214,,so9zbknyy,file://C:\Users\gabri\Documents\UofT\APS360\Project\AugData\AugData\NoEntry\img3343.png,complete,bounding-box,12549924018641478,0.3910614525139665,0.4242706369865318,0.09683426443202975,0.143389199255121,NoEntry,,#f44336,,,,,,,,,
samples.215,,smeyiin4d,file://C:\Users\gabri\Documents\UofT\APS360\Project\AugData\AugData\NoEntry\img3344.png,complete,bounding-box,7407647039161487,0.3864059590316573,0.27622594424910163,0.21415270018621974,0.2011173184357542,NoEntry,,#f44336,,,,,,,,,
samples.216,,szeq71hiu,file://C:\Users\gabri\Documents\UofT\APS360\Project\AugData\AugData\NoEntry\img3345.png,complete,bounding-box,8860727216456517,0.3091247672253259,0.3041589051429564,0.1378026070763501,0.1527001862197393,NoEntry,,#f44336,,,,,,,,,
samples.217,,s4gj56rw5,file://C:\Users\gabri\Documents\UofT\APS360\Project\AugData\AugData\NoEntry\img3346.png,complete,bounding-box,13336797824228674,0.4776536312849162,0.401924268271448,0.13594040968342647,0.11731843575418999,NoEntry,,#f44336,,,,,,,,,
samples.218,,s1om2qguj,file://C:\Users\gabri\Documents\UofT\APS360\Project\AugData\AugData\NoEntry\img3347.png,complete,bounding-box,7499605549418777,0.2057728119180633,0.3218497803757311,0.03165735567970204,0.07635009310986968,NoEntry,,#f44336,bounding-box,4311053933423481,0.6536312849162011,0.30695220123234185,0.06703910614525144,0.12476722532588455,NoEntry,,#f44336
samples.219,,s3bqqm64u,file://C:\Users\gabri\Documents\UofT\APS360\Project\AugData\AugData\NoEntry\img3348.png,complete,bounding-box,4075766988410132,0.25884543761638734,0.47641216398839403,0.16014897579143386,0.14338919925512106,NoEntry,,#f44336,,,,,,,,,
samples.220,,sfqpjkeh3,file://C:\Users\gabri\Documents\UofT\APS360\Project\AugData\AugData\NoEntry\img3349.png,complete,bounding-box,0621887397876526,0.3333333333333333,0.555555553187649,0.09310986964618251,0.13407821229050276,30kmh,,#4caf50,bounding-box,5773793953903514,0.6638733705772812,0.39633767609267706,0.10614525139664799,0.16201117318435754,NoEntry,,#f44336
samples.221,,s6mql848b,file://C:\Users\gabri\Documents\UofT\APS360\Project\AugData\AugData\NoEntry\img3350.png,complete,bounding-box,1675868237185565,0.5027932960893855,0.497827434007016,0.11918063314711358,0.11545623836126634,NoEntry,,#f44336,,,,,,,,,
samples.222,,sd6fo7m5m,file://C:\Users\gabri\Documents\UofT\APS360\Project\AugData\AugData\NoEntry\img3351.png,complete,bounding-box,8656897252106572,0.2048417132216015,0.4540657952733102,0.11918063314711358,0.14711359404096835,NoEntry,,#f44336,,,,,,,,,
samples.223,,sfscn3qgq,file://C:\Users\gabri\Documents\UofT\APS360\Project\AugData\AugData\NoEntry\img3352.png,complete,bounding-box,569193311685884,0.3212290502793296,0.3358162608226584,0.07635009310986968,0.1042830540037244,NoEntry,,#f44336,,,,,,,,,
samples.224,,scud8l4bp,file://C:\Users\gabri\Documents\UofT\APS360\Project\AugData\AugData\NoEntry\img3353.png,complete,bounding-box,60790001678767,0.3230912476722533,0.33674735951912027,0.15828677839851027,0.15456238361266295,NoEntry,,#f44336,,,,,,,,,
samples.225,,sj3wx5q5q,file://C:\Users\gabri\Documents\UofT\APS360\Project\AugData\AugData\NoEntry\img3354.png,complete,bounding-box,12077943716466533,0.40409683426443205,0.5443823688301073,0.12290502793296088,0.3314711359404097,NoEntry,,#f44336,,,,,,,,,
samples.226,,s2hkdgdsh,file://C:\Users\gabri\Documents\UofT\APS360\Project\AugData\AugData\NoEntry\img3355.png,complete,bounding-box,19351693221266664,0.4720670391061452,0.2678460559809452,0.19180633147113596,0.14338919925512103,NoEntry,,#f44336,,,,,,,,,
samples.227,,sa57mxrkn,file://C:\Users\gabri\Documents\UofT\APS360\Project\AugData\AugData\NoEntry\img3356.png,complete,bounding-box,8432476955096919,0.1908752327746741,0.4056486630572953,0.07262569832402235,0.0912476722532588,NoEntry,,#f44336,,,,,,,,,
samples.228,,s33jrhd3q,file://C:\Users\gabri\Documents\UofT\APS360\Project\AugData\AugData\NoEntry\img3357.png,complete,bounding-box,5423216659287071,0.5335195530726258,0.8125387934111128,0.14711359404096835,0.2011173184357542,NoEntry,,#f44336,,,,,,,,,
samples.229,,s4mljwcr2,file://C:\Users\gabri\Documents\UofT\APS360\Project\AugData\AugData\NoEntry\img3358.png,complete,bounding-box,17992006495452584,0.33147113594040967,0.2929857207854145,0.08938547486033521,0.13035381750465552,NoEntry,,#f44336,,,,,,,,,
samples.230,,skyv8b8gg,file://C:\Users\gabri\Documents\UofT\APS360\Project\AugData\AugData\NoEntry\img3359.png,complete,bounding-box,9128321682740452,0.4273743016759777,0.25294847683755606,0.18063314711359407,0.19553072625698326,NoEntry,,#f44336,,,,,,,,,
samples.231,,s36sxgw6z,file://C:\Users\gabri\Documents\UofT\APS360\Project\AugData\AugData\NoEntry\img3360.png,complete,bounding-box,21306766191088178,0.39013035381750466,0.237119798997705,0.15828677839851024,0.16759776536312848,NoEntry,,#f44336,,,,,,,,,
samples.232,,s4g2ha3x6,file://C:\Users\gabri\Documents\UofT\APS360\Project\AugData\AugData\NoEntry\img3361.png,complete,bounding-box,9015277921521265,0.22160148975791433,0.25294847683755606,0.13035381750465547,0.09497206703910616,NoEntry,,#f44336,,,,,,,,,
samples.233,,s1hubdfl9,file://C:\Users\gabri\Documents\UofT\APS360\Project\AugData\AugData\NoEntry\img3362.png,complete,bounding-box,7209186755355081,0.23556797020484171,0.20546244331800295,0.18063314711359402,0.14525139664804468,NoEntry,,#f44336,,,,,,,,,
samples.234,,s5ecl6ajn,file://C:\Users\gabri\Documents\UofT\APS360\Project\AugData\AugData\NoEntry\img3363.png,complete,bounding-box,09449448096832302,0.26908752327746743,0.1970825550498465,0.18063314711359404,0.21787709497206706,NoEntry,,#f44336,,,,,,,,,
samples.235,,shfwt5vno,file://C:\Users\gabri\Documents\UofT\APS360\Project\AugData\AugData\NoEntry\img3364.png,complete,bounding-box,1779656742097122,0.2746741154562384,0.19801365374630836,0.17318435754189945,0.1340782122905028,NoEntry,,#f44336,,,,,,,,,
samples.236,,sg49giuca,file://C:\Users\gabri\Documents\UofT\APS360\Project\AugData\AugData\NoEntry\img3365.png,complete,bounding-box,09321560428987219,0.3063314711359404,0.20546244331800295,0.16573556797020483,0.18621973929236502,NoEntry,,#f44336,,,,,,,,,
samples.237,,sv3lzoenn,file://C:\Users\gabri\Documents\UofT\APS360\Project\AugData\AugData\NoEntry\img3366.png,complete,bounding-box,43003626727191313,0.051210428305400374,0.34233395169789116,0.04283054003724396,0.10242085661080075,NoEntry,,#f44336,bounding-box,6804974667079453,0.8845437616387337,0.4307883278617646,0.06703910614525133,0.07821229050279332,NoEntry,,#f44336
samples.238,,s6pju3eld,file://C:\Users\gabri\Documents\UofT\APS360\Project\AugData\AugData\NoEntry\img3367.png,complete,bounding-box,25498402483373006,0.34916201117318435,0.3013656090535709,0.09869646182495345,0.13221601489757914,NoEntry,,#f44336,,,,,,,,,
samples.239,,scr8ih239,file://C:\Users\gabri\Documents\UofT\APS360\Project\AugData\AugData\NoEntry\img3368.png,complete,bounding-box,9066572734016396,0.5567970204841712,0.29577901687479996,0.13407821229050276,0.15083798882681565,NoEntry,,#f44336,,,,,,,,,
samples.240,,s8o3nhm5e,file://C:\Users\gabri\Documents\UofT\APS360\Project\AugData\AugData\NoEntry\img3842.png,complete,bounding-box,321050489556189,0.20670391061452514,0.46058348614854294,0.1005586592178771,0.11918063314711363,NoEntry,,#f44336,,,,,,,,,
samples.241,,skl9pesh5,file://C:\Users\gabri\Documents\UofT\APS360\Project\AugData\AugData\NoEntry\img3843.png,complete,bounding-box,6666217044804417,0.3864059590316573,0.2482929833552469,0.12104283054003723,0.1229050279329609,NoEntry,,#f44336,,,,,,,,,
samples.242,,svevpv88s,file://C:\Users\gabri\Documents\UofT\APS360\Project\AugData\AugData\NoEntry\img3844.png,complete,bounding-box,14634663738420772,0.2783985102420857,0.4130974526289899,0.10242085661080072,0.10242085661080075,NoEntry,,#f44336,,,,,,,,,
samples.243,,smv9dh88u,file://C:\Users\gabri\Documents\UofT\APS360\Project\AugData\AugData\NoEntry\img3845.png,complete,bounding-box,6487681722728198,0.13512104283054,0.53529484555264,0.059590316573556804,0.13109869646182487,NoEntry,,#f44336,bounding-box,48217038348599717,0.9264804469273744,0.23853506901632698,0.07865921787709496,0.12871508379888266,NoLeft,,#2196f3
samples.244,,s5kz8zz3b,file://C:\Users\gabri\Documents\UofT\APS360\Project\AugData\AugData\NoEntry\img3846.png,complete,bounding-box,2940228867513557,0.6629422718808193,0.4065797617537571,0.11545623836126628,0.07448789571694597,NoEntry,,#f44336,,,,,,,,,
samples.245,,svrvga6ts,file://C:\Users\gabri\Documents\UofT\APS360\Project\AugData\AugData\NoEntry\img3847.png,complete,bounding-box,35364298783098236,0.3091247672253259,0.19801365374630836,0.11918063314711361,0.11918063314711361,NoEntry,,#f44336,,,,,,,,,
samples.246,,sa1v27emh,file://C:\Users\gabri\Documents\UofT\APS360\Project\AugData\AugData\NoEntry\img3848.png,complete,bounding-box,39909397850976114,0.3500931098696462,0.31346989210757464,0.11918063314711358,0.08938547486033521,NoEntry,,#f44336,,,,,,,,,
samples.247,,sz5zuyohi,file://C:\Users\gabri\Documents\UofT\APS360\Project\AugData\AugData\NoEntry\img3849.png,complete,bounding-box,9969516156574476,0.1452513966480447,0.34047175430496757,0.111731843575419,0.11731843575418993,NoEntry,,#f44336,,,,,,,,,
samples.248,,s8hi5y3in,file://C:\Users\gabri\Documents\UofT\APS360\Project\AugData\AugData\NoEntry\img3850.png,complete,bounding-box,6705374507569462,0.3240223463687151,0.26784605598094524,0.08938547486033521,0.12104283054003723,NoEntry,,#f44336,,,,,,,,,
samples.249,,smo7xa3xc,file://C:\Users\gabri\Documents\UofT\APS360\Project\AugData\AugData\NoEntry\img3851.png,complete,bounding-box,6596602169896704,0.2960893854748603,0.2641216611950979,0.08938547486033516,0.13594040968342644,NoEntry,,#f44336,,,,,,,,,
samples.250,,s47bj9okq,file://C:\Users\gabri\Documents\UofT\APS360\Project\AugData\AugData\NoEntry\img3852.png,complete,bounding-box,5806207952754314,0.7150837988826815,0.43451272264761187,0.0968342644320298,0.1005586592178771,NoEntry,,#f44336,,,,,,,,,
samples.251,,sy52uv1ai,file://C:\Users\gabri\Documents\UofT\APS360\Project\AugData\AugData\NoEntry\img3853.png,complete,bounding-box,34467474203820725,0.4972067039106145,0.22222221985431578,0.10800744878957169,0.1638733705772812,NoEntry,,#f44336,,,,,,,,,
samples.252,,s7mk84u9q,file://C:\Users\gabri\Documents\UofT\APS360\Project\AugData\AugData\NoEntry\img3854.png,complete,bounding-box,2701706834767461,0.5586592178770949,0.3292985699474257,0.13035381750465547,0.11731843575418993,NoEntry,,#f44336,,,,,,,,,
samples.253,,svaixveiw,file://C:\Users\gabri\Documents\UofT\APS360\Project\AugData\AugData\NoEntry\img3855.png,complete,bounding-box,277779765133626,0.42622350540037246,0.333336755422286,0.12389599106145255,0.1713455195530727,NoEntry,,#f44336,,,,,,,,,
samples.254,,s2mh48t4l,file://C:\Users\gabri\Documents\UofT\APS360\Project\AugData\AugData\NoEntry\img3856.png,complete,bounding-box,9155883014041597,0.36685288640595903,0.4503414004874629,0.13035381750465547,0.12476722532588458,NoEntry,,#f44336,,,,,,,,,
samples.255,,s0tbuhwuy,file://C:\Users\gabri\Documents\UofT\APS360\Project\AugData\AugData\NoEntry\img3857.png,complete,bounding-box,11627708422126748,0.37057728119180633,0.27529484555263983,0.23463687150837986,0.18808193668528864,NoEntry,,#f44336,,,,,,,,,
samples.256,,sidsmmohk,file://C:\Users\gabri\Documents\UofT\APS360\Project\AugData\AugData\NoEntry\img3858.png,complete,bounding-box,7642155370927592,0.43296089385474856,0.22501551594370126,0.12476722532588452,0.13221601489757911,NoEntry,,#f44336,,,,,,,,,
samples.257,,shfzy8j6q,file://C:\Users\gabri\Documents\UofT\APS360\Project\AugData\AugData\NoEntry\img3859.png,complete,bounding-box,8247446165797363,0.4301675977653632,0.4307883278617646,0.1452513966480447,0.09310986964618251,NoEntry,,#f44336,,,,,,,,,
samples.258,,sf5gcllxe,file://C:\Users\gabri\Documents\UofT\APS360\Project\AugData\AugData\NoEntry\img3860.png,complete,bounding-box,0654665439026807,0.5912476722532589,0.2818125364278726,0.06145251396648044,0.10055865921787707,NoEntry,,#f44336,bounding-box,7681883917849108,0.17504655493482307,0.4065797617537571,0.08193668528864059,0.06703910614525138,NoEntry,,#f44336
samples.259,,sce6nqp89,file://C:\Users\gabri\Documents\UofT\APS360\Project\AugData\AugData\NoEntry\img3861.png,complete,bounding-box,030116998661757544,0.26629422718808193,0.4065797617537571,0.15270018621973933,0.1564245810055866,NoEntry,,#f44336,,,,,,,,,
samples.260,,serkaebdk,file://C:\Users\gabri\Documents\UofT\APS360\Project\AugData\AugData\NoEntry\img3862.png,complete,bounding-box,6322680836267487,0.7001862197392923,0.45220359788038655,0.11918063314711358,0.1545623836126629,NoEntry,,#f44336,bounding-box,8170889659917528,0.3230912476722533,0.4885164470423977,0.08752327746741156,0.12662942271880823,30kmh,,#4caf50
samples.261,,sxqlc0pdj,file://C:\Users\gabri\Documents\UofT\APS360\Project\AugData\AugData\NoEntry\img3863.png,complete,bounding-box,5440257201340042,0.5093109869646183,0.5052762235787106,0.09497206703910616,0.11545623836126634,NoEntry,,#f44336,,,,,,,,,
samples.262,,sixta8m3g,file://C:\Users\gabri\Documents\UofT\APS360\Project\AugData\AugData\NoEntry\img3864.png,complete,bounding-box,7771443846231212,0.20297951582867785,0.46989447311316124,0.1005586592178771,0.15642458100558665,NoEntry,,#f44336,,,,,,,,,
samples.263,,skcg6m9sp,file://C:\Users\gabri\Documents\UofT\APS360\Project\AugData\AugData\NoEntry\img3865.png,complete,bounding-box,38790718841917315,0.35195530726256985,0.31346989210757464,0.0484171322160149,0.0968342644320298,NoEntry,,#f44336,,,,,,,,,
samples.264,,sni5cz2vb,file://C:\Users\gabri\Documents\UofT\APS360\Project\AugData\AugData\NoEntry\img3866.png,complete,bounding-box,30075443817055736,0.3994413407821229,0.29577901687479996,0.14711359404096835,0.17690875232774672,NoEntry,,#f44336,,,,,,,,,
samples.265,,s6za66osa,file://C:\Users\gabri\Documents\UofT\APS360\Project\AugData\AugData\NoEntry\img3867.png,complete,bounding-box,8816036057951919,0.4487895716945996,0.5853507114744275,0.14897579143389195,0.26070763500931093,NoEntry,,#f44336,,,,,,,,,
samples.266,,s7xwfo6zc,file://C:\Users\gabri\Documents\UofT\APS360\Project\AugData\AugData\NoEntry\img3868.png,complete,bounding-box,08475554506808769,0.37616387337057733,0.3125387934111128,0.1601489757914339,0.12104283054003723,NoEntry,,#f44336,,,,,,,,,
samples.267,,szsim9w6s,file://C:\Users\gabri\Documents\UofT\APS360\Project\AugData\AugData\NoEntry\img3869.png,complete,bounding-box,580097506755963,0.24487895716945995,0.3078832999288037,0.07262569832402233,0.10800744878957169,NoEntry,,#f44336,,,,,,,,,
samples.268,,sl7mwvl17,file://C:\Users\gabri\Documents\UofT\APS360\Project\AugData\AugData\NoEntry\img3870.png,complete,bounding-box,7129385997969688,0.44785847299813775,0.8097454973217273,0.1508379888268156,0.22532588454376168,NoEntry,,#f44336,,,,,,,,,
samples.269,,s3svl05gb,file://C:\Users\gabri\Documents\UofT\APS360\Project\AugData\AugData\NoEntry\img3871.png,complete,bounding-box,792574308869294,0.35195530726256985,0.2976412142677236,0.12290502793296088,0.15083798882681565,NoEntry,,#f44336,,,,,,,,,
samples.270,,sytvfwmst,file://C:\Users\gabri\Documents\UofT\APS360\Project\AugData\AugData\NoEntry\img3872.png,complete,bounding-box,8655297150400048,0.4581005586592179,0.2492240820517087,0.15270018621973935,0.22532588454376165,NoEntry,,#f44336,,,,,,,,,
samples.271,,s8vokp0p2,file://C:\Users\gabri\Documents\UofT\APS360\Project\AugData\AugData\NoEntry\img3873.png,complete,bounding-box,524704917927844,0.3743016759776536,0.2082557394073884,0.14525139664804465,0.17318435754189943,NoEntry,,#f44336,,,,,,,,,
samples.272,,sb1xet5yj,file://C:\Users\gabri\Documents\UofT\APS360\Project\AugData\AugData\NoEntry\img3874.png,complete,bounding-box,7624534621794559,0.2681564245810056,0.21663562767554484,0.11918063314711358,0.11545623836126628,NoEntry,,#f44336,,,,,,,,,
samples.273,,suxtl6apg,file://C:\Users\gabri\Documents\UofT\APS360\Project\AugData\AugData\NoEntry\img3875.png,complete,bounding-box,8929519453288921,0.22625698324022347,0.22594661464016308,0.17690875232774675,0.14152700186219735,NoEntry,,#f44336,,,,,,,,,
samples.274,,sqac9edb7,file://C:\Users\gabri\Documents\UofT\APS360\Project\AugData\AugData\NoEntry\img3876.png,complete,bounding-box,2538955931707776,0.36405959031657353,0.16076970588783535,0.16573556797020483,0.23091247672253257,NoEntry,,#f44336,,,,,,,,,
samples.275,,s070oske3,file://C:\Users\gabri\Documents\UofT\APS360\Project\AugData\AugData\NoEntry\img3877.png,complete,bounding-box,16451138166398094,0.26629422718808193,0.22408441724723943,0.13035381750465547,0.14152700186219735,NoEntry,,#f44336,,,,,,,,,
samples.276,,sd3k0ca6c,file://C:\Users\gabri\Documents\UofT\APS360\Project\AugData\AugData\NoEntry\img3878.png,complete,bounding-box,05465598931166449,0.3657796648044692,0.1824198213440737,0.174640625698324,0.1993539217877095,NoEntry,,#f44336,,,,,,,,,
samples.277,,so9fvkzub,file://C:\Users\gabri\Documents\UofT\APS360\Project\AugData\AugData\NoEntry\img3879.png,complete,bounding-box,9389814531614653,0.1266294227188082,0.17473618633476273,0.0521415270018622,0.11359404096834266,NoEntry,,#f44336,bounding-box,6257642242065626,0.8901303538175047,0.566728737545191,0.04469273743016766,0.1042830540037244,NoEntry,,#f44336
samples.278,,sgd1rk69p,file://C:\Users\gabri\Documents\UofT\APS360\Project\AugData\AugData\NoEntry\img3880.png,complete,bounding-box,3784191821810703,0.37988826815642457,0.2836747338207962,0.08938547486033521,0.11918063314711358,NoEntry,,#f44336,,,,,,,,,
samples.279,,sur1cdfgh,file://C:\Users\gabri\Documents\UofT\APS360\Project\AugData\AugData\NoEntry\img3881.png,complete,bounding-box,22843468101907916,0.5828677839851024,0.2967101155712618,0.11545623836126628,0.1601489757914339,NoEntry,,#f44336,,,,,,,,,
samples.280,,sxzp7nls9,file://C:\Users\gabri\Documents\UofT\APS360\Project\AugData\AugData\NoEntry\img4355.png,complete,bounding-box,01841119824273174,0.2467411545623836,0.34140285300142936,0.08007448789571692,0.11173184357541899,NoEntry,,#f44336,bounding-box,5344840516047504,0.9143389199255121,0.4857231509530122,0.04841713221601496,0.07262569832402233,NoEntry,,#f44336
samples.281,,spijwv6fs,file://C:\Users\gabri\Documents\UofT\APS360\Project\AugData\AugData\NoEntry\img4356.png,complete,bounding-box,1999022134156354,0.35567970204841715,0.2892613259995672,0.11173184357541899,0.13035381750465552,NoEntry,,#f44336,,,,,,,,,
samples.282,,smlyu9ady,file://C:\Users\gabri\Documents\UofT\APS360\Project\AugData\AugData\NoEntry\img4357.png,complete,bounding-box,43735810071444625,0.3081936685288641,0.34885164257312395,0.10242085661080075,0.11173184357541904,NoEntry,,#f44336,,,,,,,,,
samples.283,,sirsdm1fi,file://C:\Users\gabri\Documents\UofT\APS360\Project\AugData\AugData\NoEntry\img4358.png,complete,bounding-box,6342193245865102,0.12942271880819367,0.6076970801895114,0.06890130353817504,0.13407821229050276,NoEntry,,#f44336,bounding-box,8782505538393408,0.8910614525139665,0.18404717329938097,0.06517690875232773,0.12849162011173182,NoLeft,,#2196f3
samples.284,,sh68def5e,file://C:\Users\gabri\Documents\UofT\APS360\Project\AugData\AugData\NoEntry\img4359.png,complete,bounding-box,974556711610485,0.6629422718808193,0.4158907487183754,0.13407821229050276,0.08938547486033521,NoEntry,,#f44336,,,,,,,,,
samples.285,,sansw95ai,file://C:\Users\gabri\Documents\UofT\APS360\Project\AugData\AugData\NoEntry\img4360.png,complete,bounding-box,26133110755622946,0.40502793296089384,0.17380508763830088,0.08007448789571692,0.13780260707635011,NoEntry,,#f44336,,,,,,,,,
samples.286,,sdyyodu39,file://C:\Users\gabri\Documents\UofT\APS360\Project\AugData\AugData\NoEntry\img4361.png,complete,bounding-box,1173922533613605,0.32774674115456237,0.33116076734034927,0.12662942271880817,0.09869646182495345,NoEntry,,#f44336,,,,,,,,,
samples.287,,szn1twr1f,file://C:\Users\gabri\Documents\UofT\APS360\Project\AugData\AugData\NoEntry\img4362.png,complete,bounding-box,5226757217633242,0.14152700186219738,0.36561141910943684,0.09683426443202979,0.11173184357541899,NoEntry,,#f44336,,,,,,,,,
samples.288,,s07p6pki9,file://C:\Users\gabri\Documents\UofT\APS360\Project\AugData\AugData\NoEntry\img4363.png,complete,bounding-box,043500412738380456,0.3687150837988827,0.2482929833552469,0.08193668528864062,0.11918063314711361,NoEntry,,#f44336,,,,,,,,,
samples.289,,saifjdfoa,file://C:\Users\gabri\Documents\UofT\APS360\Project\AugData\AugData\NoEntry\img4364.png,complete,bounding-box,8596127273467247,0.21601489757914338,0.36281812302005134,0.09310986964618251,0.12849162011173182,NoEntry,,#f44336,,,,,,,,,
samples.290,,sk3y12bkk,file://C:\Users\gabri\Documents\UofT\APS360\Project\AugData\AugData\NoEntry\img4365.png,complete,bounding-box,056973118798279154,0.6852886405959031,0.37957789955636423,0.1042830540037244,0.11731843575418993,NoEntry,,#f44336,,,,,,,,,
samples.291,,shbxi6e37,file://C:\Users\gabri\Documents\UofT\APS360\Project\AugData\AugData\NoEntry\img4366.png,complete,bounding-box,8580352937410811,0.4851024208566108,0.21291123288969754,0.12849162011173187,0.18621973929236502,NoEntry,,#f44336,,,,,,,,,
samples.292,,sj3w9ax67,file://C:\Users\gabri\Documents\UofT\APS360\Project\AugData\AugData\NoEntry\img4367.png,complete,bounding-box,7798929863964987,0.5586592178770949,0.3320918660368111,0.1564245810055866,0.13407821229050276,NoEntry,,#f44336,,,,,,,,,
samples.293,,skd6mswmc,file://C:\Users\gabri\Documents\UofT\APS360\Project\AugData\AugData\NoEntry\img4368.png,complete,bounding-box,6097254580734799,0.3854748603351955,0.35816262953774225,0.12290502793296088,0.18621973929236496,NoEntry,,#f44336,,,,,,,,,
samples.294,,ssuow69hf,file://C:\Users\gabri\Documents\UofT\APS360\Project\AugData\AugData\NoEntry\img4369.png,complete,bounding-box,5409565499007787,0.3817504655493482,0.45685909136269565,0.12290502793296088,0.13780260707635006,NoEntry,,#f44336,,,,,,,,,
samples.295,,s0s9b48hn,file://C:\Users\gabri\Documents\UofT\APS360\Project\AugData\AugData\NoEntry\img4370.png,complete,bounding-box,9436731184658911,0.3864059590316573,0.26877715467740704,0.19553072625698326,0.18621973929236502,NoEntry,,#f44336,,,,,,,,,
samples.296,,sxaraww7m,file://C:\Users\gabri\Documents\UofT\APS360\Project\AugData\AugData\NoEntry\img4371.png,complete,bounding-box,3949584089826681,0.3063314711359404,0.2929857207854145,0.16573556797020483,0.1415270018621974,NoEntry,,#f44336,,,,,,,,,
samples.297,,s5kfu21wk,file://C:\Users\gabri\Documents\UofT\APS360\Project\AugData\AugData\NoEntry\img4372.png,complete,bounding-box,3981009533402915,0.4757914338919925,0.4130974526289899,0.12849162011173182,0.10614525139664804,NoEntry,,#f44336,,,,,,,,,
samples.298,,sjjcocnvl,file://C:\Users\gabri\Documents\UofT\APS360\Project\AugData\AugData\NoEntry\img4373.png,complete,bounding-box,9366499267746065,0.6489757914338921,0.2929857207854145,0.06890130353817503,0.13035381750465552,NoEntry,,#f44336,,,,,,,,,
samples.299,,suou4p0fp,file://C:\Users\gabri\Documents\UofT\APS360\Project\AugData\AugData\NoEntry\img4374.png,complete,bounding-box,16067188450842607,0.24860335195530728,0.44941030179100105,0.19553072625698326,0.15270018621973924,NoEntry,,#f44336,,,,,,,,,
samples.300,,sryl2p5up,file://C:\Users\gabri\Documents\UofT\APS360\Project\AugData\AugData\NoEntry\img4375.png,complete,bounding-box,6751729574234697,0.33054003724394787,0.5108628157574815,0.10614525139664804,0.12662942271880823,30kmh,,#4caf50,bounding-box,9728043004253943,0.6908752327746741,0.45499689396977205,0.11545623836126628,0.1452513966480447,NoEntry,,#f44336
samples.301,,spz8h8hci,file://C:\Users\gabri\Documents\UofT\APS360\Project\AugData\AugData\NoEntry\img4376.png,complete,bounding-box,9064043875741006,0.5009310986964618,0.508069519668096,0.11173184357541904,0.13966480446927376,NoEntry,,#f44336,,,,,,,,,
samples.302,,s7jzaya9i,file://C:\Users\gabri\Documents\UofT\APS360\Project\AugData\AugData\NoEntry\img4377.png,complete,bounding-box,5924268786281648,0.21508379888268156,0.5415890727407218,0.09869646182495345,0.12476722532588452,NoEntry,,#f44336,,,,,,,,,
samples.303,,s4l8ct91q,file://C:\Users\gabri\Documents\UofT\APS360\Project\AugData\AugData\NoEntry\img4378.png,complete,bounding-box,4421506709251004,0.4031657355679702,0.2706393520703307,0.06890130353817503,0.0782122905027933,NoEntry,,#f44336,,,,,,,,,
samples.304,,s0wc49sbm,file://C:\Users\gabri\Documents\UofT\APS360\Project\AugData\AugData\NoEntry\img4379.png,complete,bounding-box,9326577948657098,0.3891992551210428,0.290192424696029,0.1452513966480447,0.19180633147113593,NoEntry,,#f44336,,,,,,,,,
samples.305,,s1uxoxm2g,file://C:\Users\gabri\Documents\UofT\APS360\Project\AugData\AugData\NoEntry\img4380.png,complete,bounding-box,43920084130960513,0.4655493482309125,0.566728737545191,0.13407821229050276,0.2681564245810056,NoEntry,,#f44336,,,,,,,,,
samples.306,,sm1o67y3g,file://C:\Users\gabri\Documents\UofT\APS360\Project\AugData\AugData\NoEntry\img4381.png,complete,bounding-box,8359699358225894,0.44692737430167595,0.2855369312137199,0.17877094972067037,0.1452513966480447,NoLeft,,#2196f3,,,,,,,,,
samples.307,,st5487dk8,file://C:\Users\gabri\Documents\UofT\APS360\Project\AugData\AugData\NoEntry\img4382.png,complete,bounding-box,26986924178627536,0.21042830540037244,0.4158907487183754,0.09310986964618251,0.1527001862197393,NoEntry,,#f44336,,,,,,,,,
samples.308,,s39n7s2pi,file://C:\Users\gabri\Documents\UofT\APS360\Project\AugData\AugData\NoEntry\img4383.png,complete,bounding-box,07878497583911814,0.5828677839851024,0.8106765960181892,0.13780260707635006,0.21973929236499068,NoEntry,,#f44336,,,,,,,,,
samples.309,,sqm1puh51,file://C:\Users\gabri\Documents\UofT\APS360\Project\AugData\AugData\NoEntry\img4384.png,complete,bounding-box,06528768615521185,0.36592178770949724,0.26970825337386883,0.06890130353817508,0.12849162011173182,NoEntry,,#f44336,,,,,,,,,
samples.310,,s6hfck95t,file://C:\Users\gabri\Documents\UofT\APS360\Project\AugData\AugData\NoEntry\img4385.png,complete,bounding-box,45799349620567553,0.4180633147113594,0.252948476837556,0.19180633147113596,0.1880819366852886,NoEntry,,#f44336,,,,,,,,,
samples.311,,sbmlddcp5,file://C:\Users\gabri\Documents\UofT\APS360\Project\AugData\AugData\NoEntry\img4386.png,complete,bounding-box,141505022423847,0.35567970204841715,0.22780881203308673,0.12290502793296088,0.15642458100558662,NoEntry,,#f44336,,,,,,,,,
samples.312,,sngq3bpvg,file://C:\Users\gabri\Documents\UofT\APS360\Project\AugData\AugData\NoEntry\img4387.png,complete,bounding-box,5690930027907892,0.30819366852886404,0.18963376547815192,0.13221601489757914,0.12849162011173187,NoEntry,,#f44336,,,,,,,,,
samples.313,,sbhhm2deq,file://C:\Users\gabri\Documents\UofT\APS360\Project\AugData\AugData\NoEntry\img4388.png,complete,bounding-box,6008152876230148,0.3621973929236499,0.1402855345656752,0.15456238361266295,0.1527001862197393,NoEntry,,#f44336,,,,,,,,,
samples.314,,sdeh7m0f1,file://C:\Users\gabri\Documents\UofT\APS360\Project\AugData\AugData\NoEntry\img4389.png,complete,bounding-box,8337843820720807,0.29981378026070765,0.18870266678169012,0.1899441340782123,0.21973929236499073,NoEntry,,#f44336,,,,,,,,,
samples.315,,smd2iqnpp,file://C:\Users\gabri\Documents\UofT\APS360\Project\AugData\AugData\NoEntry\img4390.png,complete,bounding-box,5917621995861537,0.3119180633147114,0.17287398894183909,0.16573556797020486,0.11731843575418996,NoEntry,,#f44336,,,,,,,,,
samples.316,,svmufkxl8,file://C:\Users\gabri\Documents\UofT\APS360\Project\AugData\AugData\NoEntry\img4391.png,complete,bounding-box,8618939790211102,0.31191806331471134,0.20546244331800292,0.1620111731843575,0.17877094972067037,NoEntry,,#f44336,,,,,,,,,
samples.317,,stx3c0bbs,file://C:\Users\gabri\Documents\UofT\APS360\Project\AugData\AugData\NoEntry\img4392.png,complete,bounding-box,25020015185122824,0.04003724394785848,0.37119801128820773,0.06517690875232776,0.055865921787709494,NoEntry,,#f44336,bounding-box,18917323343731396,0.8808193668528864,0.4168218474148372,0.07821229050279332,0.09124767225325886,NoEntry,,#f44336
samples.318,,sl2a4eot4,file://C:\Users\gabri\Documents\UofT\APS360\Project\AugData\AugData\NoEntry\img4393.png,complete,bounding-box,1508900926391301,0.35474860335195535,0.29857231296418546,0.09497206703910616,0.11173184357541902,NoEntry,,#f44336,,,,,,,,,
samples.319,,sm3u7esx3,file://C:\Users\gabri\Documents\UofT\APS360\Project\AugData\AugData\NoEntry\img4394.png,complete,bounding-box,056078545343103636,0.5540037243947858,0.2873991286066435,0.12104283054003728,0.1564245810055866,NoEntry,,#f44336,,,,,,,,,
samples.320,,s1m6unhko,file://C:\Users\gabri\Documents\UofT\APS360\Project\AugData\AugData\NoEntry\img764.png,complete,bounding-box,26906783344911545,0.2458100558659218,0.3348851621261966,0.11173184357541902,0.13966480446927376,NoEntry,,#f44336,,,,,,,,,
samples.321,,sf57of7b8,file://C:\Users\gabri\Documents\UofT\APS360\Project\AugData\AugData\NoEntry\img765.png,complete,bounding-box,891142573123989,0.3258845437616388,0.29205462208895266,0.1415270018621974,0.10614525139664802,NoEntry,,#f44336,,,,,,,,,
samples.322,,sbtjd61cz,file://C:\Users\gabri\Documents\UofT\APS360\Project\AugData\AugData\NoEntry\img766.png,complete,bounding-box,4597594205009603,0.32774674115456237,0.3497827412695858,0.08193668528864062,0.11359404096834269,NoEntry,,#f44336,,,,,,,,,
samples.323,,s3a1gcpaf,file://C:\Users\gabri\Documents\UofT\APS360\Project\AugData\AugData\NoEntry\img767.png,complete,bounding-box,7606582768076178,0.16201117318435754,0.6486654228338316,0.06331471135940409,0.11173184357541899,NoEntry,,#f44336,,,,,,,,,
samples.324,,s8gsttuzj,file://C:\Users\gabri\Documents\UofT\APS360\Project\AugData\AugData\NoEntry\img768.png,complete,bounding-box,5851272862539056,0.6378026070763501,0.36840471519882234,0.12476722532588458,0.08379888268156427,NoEntry,,#f44336,,,,,,,,,
samples.325,,s23qibael,file://C:\Users\gabri\Documents\UofT\APS360\Project\AugData\AugData\NoEntry\img769.png,complete,bounding-box,424459433319345,0.4767225325884544,0.1477343241373698,0.08938547486033521,0.11545623836126631,NoEntry,,#f44336,,,,,,,,,
samples.326,,sxnr804td,file://C:\Users\gabri\Documents\UofT\APS360\Project\AugData\AugData\NoEntry\img770.png,complete,bounding-box,78886122495857,0.34264432029795155,0.3162631881969601,0.12662942271880823,0.09124767225325886,NoEntry,,#f44336,,,,,,,,,
samples.327,,s9ypdpxhq,file://C:\Users\gabri\Documents\UofT\APS360\Project\AugData\AugData\NoEntry\img771.png,complete,bounding-box,6412777829260445,0.15176908752327747,0.35443823475189495,0.14711359404096835,0.0968342644320298,NoEntry,,#f44336,,,,,,,,,
samples.328,,srdbanabo,file://C:\Users\gabri\Documents\UofT\APS360\Project\AugData\AugData\NoEntry\img772.png,complete,bounding-box,9537678754359453,0.28584729981378026,0.29298572078541446,0.09497206703910613,0.10800744878957166,NoEntry,,#f44336,,,,,,,,,
samples.329,,sbm5sx851,file://C:\Users\gabri\Documents\UofT\APS360\Project\AugData\AugData\NoEntry\img773.png,complete,bounding-box,6538268141358217,0.3221601489757914,0.24829298335524688,0.1005586592178771,0.1452513966480447,NoEntry,,#f44336,,,,,,,,,
samples.330,,sq9l4ja9i,file://C:\Users\gabri\Documents\UofT\APS360\Project\AugData\AugData\NoEntry\img774.png,complete,bounding-box,807898050379362,0.6657355679702048,0.3572315308412804,0.11359404096834269,0.12476722532588458,NoEntry,,#f44336,,,,,,,,,
samples.331,,sb6st7n7i,file://C:\Users\gabri\Documents\UofT\APS360\Project\AugData\AugData\NoEntry\img775.png,complete,bounding-box,16885880053208702,0.521415270018622,0.22873991072954858,0.08938547486033516,0.18063314711359404,NoEntry,,#f44336,,,,,,,,,
samples.332,,sp2lfhbil,file://C:\Users\gabri\Documents\UofT\APS360\Project\AugData\AugData\NoEntry\img776.png,complete,bounding-box,9768501487457164,0.5623836126629422,0.3423339516978912,0.1415270018621974,0.14338919925512106,NoEntry,,#f44336,,,,,,,,,
samples.333,,sjvkl7nfo,file://C:\Users\gabri\Documents\UofT\APS360\Project\AugData\AugData\NoEntry\img777.png,complete,bounding-box,26920917512943743,0.43202979515828677,0.31998758298280744,0.11918063314711358,0.17690875232774675,NoEntry,,#f44336,,,,,,,,,
samples.334,,sia7hiwiz,file://C:\Users\gabri\Documents\UofT\APS360\Project\AugData\AugData\NoEntry\img778.png,complete,bounding-box,5696639377940202,0.3994413407821229,0.40006207087852436,0.08379888268156421,0.14711359404096835,NoEntry,,#f44336,,,,,,,,,
samples.335,,spepxoiaj,file://C:\Users\gabri\Documents\UofT\APS360\Project\AugData\AugData\NoEntry\img779.png,complete,bounding-box,41181427118032277,0.36312849162011174,0.2836747338207962,0.2048417132216015,0.20111731843575417,NoEntry,,#f44336,,,,,,,,,
samples.336,,s3r0tfedb,file://C:\Users\gabri\Documents\UofT\APS360\Project\AugData\AugData\NoEntry\img780.png,complete,bounding-box,4527386302302152,0.4264432029795158,0.237119798997705,0.13780260707635006,0.1564245810055866,NoEntry,,#f44336,,,,,,,,,
samples.337,,sjwort8a4,file://C:\Users\gabri\Documents\UofT\APS360\Project\AugData\AugData\NoEntry\img781.png,complete,bounding-box,314949530849409,0.4720670391061452,0.40751086045021895,0.12104283054003723,0.11731843575418999,NoEntry,,#f44336,,,,,,,,,
samples.338,,syscwgmqo,file://C:\Users\gabri\Documents\UofT\APS360\Project\AugData\AugData\NoEntry\img782.png,complete,bounding-box,5342165206853051,0.6741154562383613,0.3162631881969601,0.08193668528864062,0.09497206703910616,NoEntry,,#f44336,,,,,,,,,
samples.339,,sh3jglx3s,file://C:\Users\gabri\Documents\UofT\APS360\Project\AugData\AugData\NoEntry\img783.png,complete,bounding-box,8912739378641634,0.27560521415270023,0.39261328130682976,0.1564245810055866,0.17318435754189943,NoEntry,,#f44336,,,,,,,,,
samples.340,,skbm0y2gj,file://C:\Users\gabri\Documents\UofT\APS360\Project\AugData\AugData\NoEntry\img784.png,complete,bounding-box,9000530436084537,0.6918063314711359,0.45872128875561935,0.12104283054003728,0.16387337057728124,NoEntry,,#f44336,bounding-box,19120092364500207,0.35288640595903165,0.4810676574707031,0.13966480446927376,0.1564245810055866,30kmh,,#4caf50
samples.341,,skddopett,file://C:\Users\gabri\Documents\UofT\APS360\Project\AugData\AugData\NoEntry\img785.png,complete,bounding-box,6866131356759508,0.5,0.4866542496494741,0.0949720670391061,0.13035381750465552,NoEntry,,#f44336,,,,,,,,,
samples.342,,stedc0c9i,file://C:\Users\gabri\Documents\UofT\APS360\Project\AugData\AugData\NoEntry\img786.png,complete,bounding-box,7431152623599511,0.20670391061452514,0.5546244544911874,0.11545623836126628,0.11731843575418999,NoEntry,,#f44336,,,,,,,,,
samples.343,,sr4jm3qby,file://C:\Users\gabri\Documents\UofT\APS360\Project\AugData\AugData\NoEntry\img787.png,complete,bounding-box,7003111889117737,0.313780260707635,0.35723153084128045,0.07262569832402238,0.09869646182495345,NoEntry,,#f44336,,,,,,,,,
samples.344,,s0r88vw6b,file://C:\Users\gabri\Documents\UofT\APS360\Project\AugData\AugData\NoEntry\img788.png,complete,bounding-box,4417139628195117,0.38361266294227186,0.2873991286066435,0.12290502793296088,0.1713221601489758,NoEntry,,#f44336,,,,,,,,,
samples.345,,sij45yyba,file://C:\Users\gabri\Documents\UofT\APS360\Project\AugData\AugData\NoEntry\img789.png,complete,bounding-box,36959205335721523,0.43109869646182497,0.5872129088673511,0.23649906890130357,0.30912476722532584,NoEntry,,#f44336,,,,,,,,,
samples.346,,swajq1mgj,file://C:\Users\gabri\Documents\UofT\APS360\Project\AugData\AugData\NoEntry\img790.png,complete,bounding-box,9794714801209248,0.39757914338919925,0.3041589051429564,0.16945996275605213,0.1229050279329609,NoEntry,,#f44336,,,,,,,,,
samples.347,,sl3rwtdfn,file://C:\Users\gabri\Documents\UofT\APS360\Project\AugData\AugData\NoEntry\img791.png,complete,bounding-box,8201093791794831,0.20391061452513964,0.3786468008599024,0.09124767225325883,0.11545623836126628,NoEntry,,#f44336,,,,,,,,,
samples.348,,scg1x5y6q,file://C:\Users\gabri\Documents\UofT\APS360\Project\AugData\AugData\NoEntry\img792.png,complete,bounding-box,31366365469210367,0.4795158286778399,0.7929857207854145,0.14711359404096835,0.22160148975791438,NoEntry,,#f44336,,,,,,,,,
samples.349,,su4nj2phc,file://C:\Users\gabri\Documents\UofT\APS360\Project\AugData\AugData\NoEntry\img793.png,complete,bounding-box,9591055740549166,0.3817504655493482,0.27250154946325433,0.07076350093109868,0.13407821229050276,NoEntry,,#f44336,,,,,,,,,
samples.350,,si9n7rpbv,file://C:\Users\gabri\Documents\UofT\APS360\Project\AugData\AugData\NoEntry\img794.png,complete,bounding-box,15239881554266632,0.3770949720670391,0.26039726640925065,0.16573556797020483,0.18435754189944137,NoEntry,,#f44336,,,,,,,,,
samples.351,,syx6ctjb2,file://C:\Users\gabri\Documents\UofT\APS360\Project\AugData\AugData\NoEntry\img795.png,complete,bounding-box,9684811454888078,0.27001862197392923,0.2864680299101817,0.1638733705772812,0.13966480446927376,NoEntry,,#f44336,,,,,,,,,
samples.352,,svx3ejuyg,file://C:\Users\gabri\Documents\UofT\APS360\Project\AugData\AugData\NoEntry\img796.png,complete,bounding-box,13154183835375144,0.21042830540037244,0.27529484555263983,0.12290502793296088,0.10242085661080075,NoEntry,,#f44336,,,,,,,,,
samples.353,,s2cikk6zi,file://C:\Users\gabri\Documents\UofT\APS360\Project\AugData\AugData\NoEntry\img797.png,complete,bounding-box,04862797919162665,0.23556797020484171,0.21291123288969754,0.18435754189944134,0.1340782122905028,NoEntry,,#f44336,,,,,,,,,
samples.354,,su1tqgnkh,file://C:\Users\gabri\Documents\UofT\APS360\Project\AugData\AugData\NoEntry\img798.png,complete,bounding-box,975789204786319,0.21415270018621974,0.24829298335524688,0.1973929236499069,0.17504655493482307,NoEntry,,#f44336,,,,,,,,,
samples.355,,s6xkuv5no,file://C:\Users\gabri\Documents\UofT\APS360\Project\AugData\AugData\NoEntry\img799.png,complete,bounding-box,968263874851943,0.27281191806331473,0.20546244331800295,0.15828677839851027,0.14152700186219738,NoEntry,,#f44336,,,,,,,,,
samples.356,,snalxkcdq,file://C:\Users\gabri\Documents\UofT\APS360\Project\AugData\AugData\NoEntry\img800.png,complete,bounding-box,7350751366330954,0.23836126629422716,0.2454996872658614,0.20484171322160147,0.17318435754189943,NoEntry,,#f44336,,,,,,,,,
samples.357,,s8tsdpq8j,file://C:\Users\gabri\Documents\UofT\APS360\Project\AugData\AugData\NoEntry\img801.png,complete,bounding-box,9503925029077509,0.14711359404096835,0.17566728503122453,0.05214152700186221,0.09683426443202978,NoEntry,,#f44336,,,,,,,,,
samples.358,,s6jcyqgxs,file://C:\Users\gabri\Documents\UofT\APS360\Project\AugData\AugData\NoEntry\img802.png,complete,bounding-box,4892307472546773,0.44878957169459965,0.2631905624986361,0.07821229050279327,0.1378026070763501,NoEntry,,#f44336,,,,,,,,,
samples.359,,s5f54cigi,file://C:\Users\gabri\Documents\UofT\APS360\Project\AugData\AugData\NoEntry\img803.png,complete,bounding-box,23308087501852404,0.5661080074487895,0.2976412142677236,0.13407821229050282,0.18063314711359402,NoEntry,,#f44336,,,,,,,,,