path,.,_id,imageUrl,brush,annotation,annotation.0.regionType,annotation.0.id,annotation.0.centerX,annotation.0.centerY,annotation.0.width,annotation.0.height,annotation.0.classification,annotation.0.labels,annotation.0.color,annotation.1.regionType,annotation.1.id,annotation.1.centerX,annotation.1.centerY,annotation.1.width,annotation.1.height,annotation.1.classification,annotation.1.labels,annotation.1.color
interface,"{""type"":""image_segmentation"",""labels"":[{""id"":""NoLeft"",""description"":""valid""},{""id"":""NoEntry"",""description"":""invalid""}],""regionTypesAllowed"":[""bounding-box""]}",,,,,,,,,,,,,,,,,,,,,,
samples.0,,sbldby1of,file://C:\Users\gabri\Documents\UofT\APS360\Project\AugData\AugData\NoLeft\img1317.png,complete,,bounding-box,40772713291492346,0.6675977653631284,0.3302296686438875,0.06890130353817503,0.09310986964618251,NoLeft,,#f44336,,,,,,,,,
samples.1,,s4ps9ng9h,file://C:\Users\gabri\Documents\UofT\APS360\Project\AugData\AugData\NoLeft\img1318.png,complete,,bounding-box,10381366743754428,0.6852886405959031,0.21198013419323572,0.06703910614525144,0.10242085661080075,NoLeft,,#f44336,,,,,,,,,
samples.2,,s2lo7kjph,file://C:\Users\gabri\Documents\UofT\APS360\Project\AugData\AugData\NoLeft\img1319.png,complete,,bounding-box,04012730717142854,0.45065176908752325,0.21663562767554484,0.09683426443202975,0.14152700186219738,NoLeft,,#f44336,,,,,,,,,
samples.3,,sdrwcwzab,file://C:\Users\gabri\Documents\UofT\APS360\Project\AugData\AugData\NoLeft\img1320.png,complete,,bounding-box,4549105933257347,0.329608938547486,0.25015518074817056,0.08566108007448792,0.11918063314711361,NoLeft,,#f44336,,,,,,,,,
samples.4,,s1n0e6wba,file://C:\Users\gabri\Documents\UofT\APS360\Project\AugData\AugData\NoLeft\img1321.png,complete,,bounding-box,8509389346455658,0.6536312849162011,0.2110490354967739,0.12662942271880817,0.16014897579143386,NoLeft,,#f44336,,,,,,,,,
samples.5,,s7edijtzc,file://C:\Users\gabri\Documents\UofT\APS360\Project\AugData\AugData\NoLeft\img1322.png,complete,,bounding-box,9559657459057294,0.16759776536312848,0.33767845821558207,0.06703910614525141,0.1005586592178771,NoLeft,,#f44336,,,,,,,,,
samples.6,,swt8r6wld,file://C:\Users\gabri\Documents\UofT\APS360\Project\AugData\AugData\NoLeft\img1323.png,complete,,bounding-box,3584374318773804,0.6024208566108007,0.35909372823420405,0.13221601489757917,0.15083798882681565,NoLeft,,#f44336,,,,,,,,,
samples.7,,sny6yg5fa,file://C:\Users\gabri\Documents\UofT\APS360\Project\AugData\AugData\NoLeft\img1324.png,complete,,bounding-box,03864177814590253,0.46089385474860334,0.31440099080403644,0.09869646182495345,0.13966480446927373,NoLeft,,#f44336,,,,,,,,,
samples.8,,snw036911,file://C:\Users\gabri\Documents\UofT\APS360\Project\AugData\AugData\NoLeft\img1325.png,complete,,bounding-box,7156338606534527,0.40130353817504655,0.26132836510571245,0.06145251396648044,0.07448789571694603,NoLeft,,#f44336,,,,,,,,,
samples.9,,sy871yg8q,file://C:\Users\gabri\Documents\UofT\APS360\Project\AugData\AugData\NoLeft\img1326.png,complete,,bounding-box,42774682563548994,0.35102420856610805,0.3637492217165132,0.09124767225325886,0.13035381750465547,NoLeft,,#f44336,,,,,,,,,
samples.10,,scf3ildap,file://C:\Users\gabri\Documents\UofT\APS360\Project\AugData\AugData\NoLeft\img1327.png,complete,,bounding-box,6420780596496354,0.3240223463687151,0.30974549732172735,0.08193668528864062,0.1005586592178771,NoLeft,,#f44336,,,,,,,,,
samples.11,,sej0873kb,file://C:\Users\gabri\Documents\UofT\APS360\Project\AugData\AugData\NoLeft\img1328.png,complete,[],,,,,,,,,,,,,,,,,,
samples.12,,s5hnqh17h,file://C:\Users\gabri\Documents\UofT\APS360\Project\AugData\AugData\NoLeft\img1329.png,complete,,bounding-box,3115166235891611,0.45251396648044695,0.23805089769416682,0.07076350093109868,0.13594040968342647,NoLeft,,#f44336,,,,,,,,,
samples.13,,satef7p1f,file://C:\Users\gabri\Documents\UofT\APS360\Project\AugData\AugData\NoLeft\img1330.png,complete,,bounding-box,017621756241161357,0.4618249534450652,0.11514586976120592,0.11173184357541899,0.16573556797020483,NoLeft,,#f44336,,,,,,,,,
samples.14,,sj62j4kai,file://C:\Users\gabri\Documents\UofT\APS360\Project\AugData\AugData\NoLeft\img1331.png,complete,,bounding-box,9518942016134186,0.3845437616387337,0.2948479181783381,0.07262569832402233,0.10428305400372437,NoLeft,,#f44336,,,,,,,,,
samples.15,,s0rqc2xk7,file://C:\Users\gabri\Documents\UofT\APS360\Project\AugData\AugData\NoLeft\img1332.png,complete,,bounding-box,9512516608553498,0.7188081936685289,0.25946616771278874,0.1899441340782123,0.16759776536312848,NoLeft,,#f44336,,,,,,,,,
samples.16,,sb4b9k99h,file://C:\Users\gabri\Documents\UofT\APS360\Project\AugData\AugData\NoLeft\img1333.png,complete,,bounding-box,13490397639610308,0.5558659217877095,0.5536933557947255,0.0912476722532588,0.15270018621973924,NoLeft,,#f44336,,,,,,,,,
samples.17,,svrj32rcl,file://C:\Users\gabri\Documents\UofT\APS360\Project\AugData\AugData\NoLeft\img1334.png,complete,,bounding-box,6878002571304345,0.3054003724394786,0.26132836510571245,0.08193668528864062,0.08938547486033521,NoLeft,,#f44336,,,,,,,,,
samples.18,,suwoj18bm,file://C:\Users\gabri\Documents\UofT\APS360\Project\AugData\AugData\NoLeft\img1335.png,complete,,bounding-box,6192838608757074,0.5027932960893855,0.2836747338207962,0.21601489757914338,0.148975791433892,NoLeft,,#f44336,,,,,,,,,
samples.19,,sd97exd8v,file://C:\Users\gabri\Documents\UofT\APS360\Project\AugData\AugData\NoLeft\img1336.png,complete,,bounding-box,9919009036392186,0.404096834264432,0.3227808790721929,0.07448789571694597,0.08566108007448792,NoLeft,,#f44336,,,,,,,,,
samples.20,,six6a4sbf,file://C:\Users\gabri\Documents\UofT\APS360\Project\AugData\AugData\NoLeft\img1337.png,complete,,bounding-box,5141535358867109,0.5232774674115457,0.4242706369865318,0.07448789571694603,0.09497206703910616,NoLeft,,#f44336,,,,,,,,,
samples.21,,slqxo47j4,file://C:\Users\gabri\Documents\UofT\APS360\Project\AugData\AugData\NoLeft\img1338.png,complete,,bounding-box,187273402135828,0.388268156424581,0.18218497590645732,0.13966480446927376,0.12476722532588454,NoLeft,,#f44336,,,,,,,,,
samples.22,,smgf7efw8,file://C:\Users\gabri\Documents\UofT\APS360\Project\AugData\AugData\NoLeft\img1339.png,complete,,bounding-box,4266188404869724,0.5270018621973929,0.17846058112061003,0.07821229050279327,0.08379888268156424,NoLeft,,#f44336,,,,,,,,,
samples.23,,sttfh2qjk,file://C:\Users\gabri\Documents\UofT\APS360\Project\AugData\AugData\NoLeft\img1340.png,complete,,bounding-box,5158474872129737,0.4543761638733706,0.29205462208895266,0.11918063314711358,0.18063314711359404,NoLeft,,#f44336,,,,,,,,,
samples.24,,sxf8b6xg8,file://C:\Users\gabri\Documents\UofT\APS360\Project\AugData\AugData\NoLeft\img1341.png,complete,,bounding-box,6004829332201893,0.4022346368715084,0.44661700570161555,0.08938547486033516,0.1508379888268156,NoLeft,,#f44336,,,,,,,,,
samples.25,,sox4jjihe,file://C:\Users\gabri\Documents\UofT\APS360\Project\AugData\AugData\NoLeft\img1342.png,complete,,bounding-box,029552549315666088,0.45996275605214154,0.22315331855077758,0.09310986964618251,0.14338919925512103,NoLeft,,#f44336,,,,,,,,,
samples.26,,sndbfin29,file://C:\Users\gabri\Documents\UofT\APS360\Project\AugData\AugData\NoLeft\img1343.png,complete,,bounding-box,053000459093548,0.33147113594040967,0.35257603735897125,0.13407821229050282,0.1527001862197393,NoLeft,,#f44336,,,,,,,,,
samples.27,,sgcbztiqw,file://C:\Users\gabri\Documents\UofT\APS360\Project\AugData\AugData\NoLeft\img1344.png,complete,,bounding-box,47862866737572074,0.30819366852886404,0.35443823475189495,0.06145251396648044,0.1042830540037244,NoLeft,,#f44336,,,,,,,,,
samples.28,,s0oipm69o,file://C:\Users\gabri\Documents\UofT\APS360\Project\AugData\AugData\NoLeft\img1345.png,complete,,bounding-box,2594285275641832,0.35195530726256985,0.3898199852174443,0.1042830540037244,0.1452513966480447,NoLeft,,#f44336,,,,,,,,,
samples.29,,snuyjeezf,file://C:\Users\gabri\Documents\UofT\APS360\Project\AugData\AugData\NoLeft\img1346.png,complete,[],,,,,,,,,,,,,,,,,,
samples.30,,s1j7j2pn7,file://C:\Users\gabri\Documents\UofT\APS360\Project\AugData\AugData\NoLeft\img1347.png,complete,,bounding-box,025862995678185285,0.3929236499068901,0.36561141910943684,0.09310986964618245,0.1042830540037244,NoEntry,,#2196f3,,,,,,,,,
samples.31,,s0z5bhmko,file://C:\Users\gabri\Documents\UofT\APS360\Project\AugData\AugData\NoLeft\img1348.png,complete,,bounding-box,38039574799534925,0.5921787709497206,0.2827436351243344,0.12662942271880817,0.17690875232774675,NoEntry,,#2196f3,,,,,,,,,
samples.32,,sp68fx0ug,file://C:\Users\gabri\Documents\UofT\APS360\Project\AugData\AugData\NoLeft\img1349.png,complete,,bounding-box,8964471501894695,0.31471135940409684,0.22780881203308673,0.09310986964618251,0.08938547486033518,NoLeft,,#f44336,,,,,,,,,
samples.33,,sjrci14b3,file://C:\Users\gabri\Documents\UofT\APS360\Project\AugData\AugData\NoLeft\img1350.png,complete,,bounding-box,26638020121675976,0.276536312849162,0.23618870030124317,0.11731843575418993,0.15083798882681565,NoLeft,,#f44336,,,,,,,,,
samples.34,,snpuqvjm7,file://C:\Users\gabri\Documents\UofT\APS360\Project\AugData\AugData\NoLeft\img1351.png,complete,,bounding-box,3541643562758705,0.3752327746741154,0.5164494079362525,0.1359404096834264,0.1601489757914339,NoLeft,,#f44336,,,,,,,,,
samples.35,,s7k73rs8l,file://C:\Users\gabri\Documents\UofT\APS360\Project\AugData\AugData\NoLeft\img1352.png,complete,,bounding-box,797383613420269,0.3947858472998138,0.26132836510571245,0.08193668528864056,0.1266294227188082,NoLeft,,#f44336,,,,,,,,,
samples.36,,sh8kwz1xt,file://C:\Users\gabri\Documents\UofT\APS360\Project\AugData\AugData\NoLeft\img1353.png,complete,,bounding-box,2946820533359016,0.388268156424581,0.1523898176196789,0.11731843575418993,0.14711359404096835,NoLeft,,#f44336,,,,,,,,,
samples.37,,smn88cxoe,file://C:\Users\gabri\Documents\UofT\APS360\Project\AugData\AugData\NoLeft\img1354.png,complete,,bounding-box,12032666278644766,0.21415270018621974,0.3935443800032916,0.14152700186219738,0.1527001862197393,NoLeft,,#f44336,,,,,,,,,
samples.38,,sbak43gbp,file://C:\Users\gabri\Documents\UofT\APS360\Project\AugData\AugData\NoLeft\img1355.png,complete,,bounding-box,9382611801138072,0.3268156424581006,0.2967101155712618,0.06517690875232773,0.09310986964618245,NoLeft,,#f44336,,,,,,,,,
samples.39,,s4f275i6c,file://C:\Users\gabri\Documents\UofT\APS360\Project\AugData\AugData\NoLeft\img1356.png,complete,,bounding-box,2467065650568281,0.3780260707635009,0.2836747338207962,0.10800744878957169,0.1713221601489758,NoLeft,,#f44336,,,,,,,,,
samples.40,,shkb1zr2z,file://C:\Users\gabri\Documents\UofT\APS360\Project\AugData\AugData\NoLeft\img1357.png,complete,,bounding-box,025244970964010127,0.5502793296089385,0.22222221985431578,0.09869646182495351,0.1005586592178771,NoLeft,,#f44336,bounding-box,22549515453585256,0.15921787709497207,0.36002482693066584,0.08007448789571696,0.08193668528864056,NoLeft,,#f44336
samples.41,,sll2hipvn,file://C:\Users\gabri\Documents\UofT\APS360\Project\AugData\AugData\NoLeft\img1830.png,complete,,bounding-box,03320906194250339,0.6135940409683427,0.3013656090535709,0.09497206703910621,0.08007448789571692,NoLeft,,#f44336,,,,,,,,,
samples.42,,s5c9fvn6j,file://C:\Users\gabri\Documents\UofT\APS360\Project\AugData\AugData\NoLeft\img1831.png,complete,[],,,,,,,,,,,,,,,,,,
samples.43,,s026k76lc,file://C:\Users\gabri\Documents\UofT\APS360\Project\AugData\AugData\NoLeft\img1832.png,complete,,bounding-box,14692751257106607,0.40037243947858475,0.24270639117647594,0.11545623836126628,0.13407821229050282,NoLeft,,#f44336,,,,,,,,,
samples.44,,s3982pl1r,file://C:\Users\gabri\Documents\UofT\APS360\Project\AugData\AugData\NoLeft\img1833.png,complete,,bounding-box,2989902185483164,0.25512104283054005,0.311607694714651,0.11173184357541899,0.12290502793296088,NoLeft,,#f44336,,,,,,,,,
samples.45,,s0vv8gr9k,file://C:\Users\gabri\Documents\UofT\APS360\Project\AugData\AugData\NoLeft\img1834.png,complete,,bounding-box,47650479436327475,0.6238361266294228,0.20546244331800295,0.12290502793296099,0.15642458100558657,NoLeft,,#f44336,,,,,,,,,
samples.46,,sbzzry5kg,file://C:\Users\gabri\Documents\UofT\APS360\Project\AugData\AugData\NoLeft\img1835.png,complete,,bounding-box,993588040481272,0.2709497206703911,0.19801365374630836,0.061452513966480465,0.08938547486033518,NoLeft,,#f44336,,,,,,,,,
samples.47,,szjahmfff,file://C:\Users\gabri\Documents\UofT\APS360\Project\AugData\AugData\NoLeft\img1836.png,complete,,bounding-box,1322284648416867,0.6182495344506518,0.3302296686438875,0.11918063314711358,0.10800744878957169,NoLeft,,#f44336,,,,,,,,,
samples.48,,s0dhoym29,file://C:\Users\gabri\Documents\UofT\APS360\Project\AugData\AugData\NoLeft\img1837.png,complete,,bounding-box,8370421560445769,0.4562234636871509,0.30773432413736984,0.09010055865921796,0.14158659217877098,NoLeft,,#f44336,,,,,,,,,
samples.49,,szic2fxj5,file://C:\Users\gabri\Documents\UofT\APS360\Project\AugData\AugData\NoLeft\img1838.png,complete,,bounding-box,9126974037071272,0.4329608938547486,0.25387957553401785,0.046554934823091254,0.08566108007448786,NoLeft,,#f44336,,,,,,,,,
samples.50,,skci2mr19,file://C:\Users\gabri\Documents\UofT\APS360\Project\AugData\AugData\NoLeft\img1839.png,complete,,bounding-box,5114804778975988,0.36592178770949724,0.35630043214481855,0.09869646182495345,0.12290502793296093,NoLeft,,#f44336,,,,,,,,,
samples.51,,skbolreqx,file://C:\Users\gabri\Documents\UofT\APS360\Project\AugData\AugData\NoLeft\img1840.png,complete,,bounding-box,010195938716920372,0.34078212290502796,0.2836747338207962,0.08566108007448786,0.12290502793296088,NoLeft,,#f44336,,,,,,,,,
samples.52,,scox3ep36,file://C:\Users\gabri\Documents\UofT\APS360\Project\AugData\AugData\NoLeft\img1841.png,complete,[],,,,,,,,,,,,,,,,,,
samples.53,,svp9rsdgd,file://C:\Users\gabri\Documents\UofT\APS360\Project\AugData\AugData\NoLeft\img1842.png,complete,,bounding-box,08213497450937912,0.5018621973929237,0.22501551594370126,0.0577281191806332,0.09497206703910616,NoLeft,,#f44336,,,,,,,,,
samples.54,,s3023mg6g,file://C:\Users\gabri\Documents\UofT\APS360\Project\AugData\AugData\NoLeft\img1843.png,complete,,bounding-box,8925928493172635,0.5391061452513967,0.09186840234966029,0.10986964618249534,0.1378026070763501,NoLeft,,#f44336,,,,,,,,,
samples.55,,s6v0kgx5s,file://C:\Users\gabri\Documents\UofT\APS360\Project\AugData\AugData\NoLeft\img1844.png,complete,,bounding-box,3191833660310799,0.41899441340782123,0.27343264815971613,0.07448789571694603,0.09497206703910616,NoLeft,,#f44336,,,,,,,,,
samples.56,,spevbjdmh,file://C:\Users\gabri\Documents\UofT\APS360\Project\AugData\AugData\NoLeft\img1845.png,complete,,bounding-box,6637547301137527,0.7439478584729982,0.2836747338207962,0.15828677839851024,0.1787709497206704,NoLeft,,#f44336,,,,,,,,,
samples.57,,sxat11v1d,file://C:\Users\gabri\Documents\UofT\APS360\Project\AugData\AugData\NoLeft\img1846.png,complete,,bounding-box,7285433044035843,0.5726256983240223,0.5434512701336454,0.07635009310986962,0.17318435754189937,NoLeft,,#f44336,,,,,,,,,
samples.58,,s352zc96f,file://C:\Users\gabri\Documents\UofT\APS360\Project\AugData\AugData\NoLeft\img1847.png,complete,,bounding-box,8210270544086411,0.276536312849162,0.30695220123234185,0.07635009310986965,0.07635009310986962,NoLeft,,#f44336,,,,,,,,,
samples.59,,s32mzy0iq,file://C:\Users\gabri\Documents\UofT\APS360\Project\AugData\AugData\NoLeft\img1848.png,complete,,bounding-box,43513021925945594,0.5204841713221602,0.2678460559809452,0.2588454376163874,0.1620111731843575,NoLeft,,#f44336,,,,,,,,,
samples.60,,s6b0lkqpk,file://C:\Users\gabri\Documents\UofT\APS360\Project\AugData\AugData\NoLeft\img1849.png,complete,,bounding-box,34557172132000846,0.4199255121042831,0.30974549732172735,0.09497206703910616,0.08938547486033521,NoLeft,,#f44336,,,,,,,,,
samples.61,,smycwhefo,file://C:\Users\gabri\Documents\UofT\APS360\Project\AugData\AugData\NoLeft\img1850.png,complete,,bounding-box,14967708467571916,0.5595903165735567,0.4354438213440737,0.0912476722532588,0.13966480446927376,NoLeft,,#f44336,,,,,,,,,
samples.62,,smrl5nd3l,file://C:\Users\gabri\Documents\UofT\APS360\Project\AugData\AugData\NoLeft\img1851.png,complete,,bounding-box,6943835416414406,0.23743016759776536,0.3088143986252655,0.12849162011173185,0.12849162011173185,NoLeft,,#f44336,,,,,,,,,
samples.63,,srghh8nob,file://C:\Users\gabri\Documents\UofT\APS360\Project\AugData\AugData\NoLeft\img1852.png,complete,,bounding-box,19269095302771055,0.568901303538175,0.1924270615675374,0.09869646182495351,0.08938547486033521,NoLeft,,#f44336,,,,,,,,,
samples.64,,s8qbxv765,file://C:\Users\gabri\Documents\UofT\APS360\Project\AugData\AugData\NoLeft\img1853.png,complete,,bounding-box,7357065483732748,0.3929236499068901,0.32371197776865474,0.13035381750465552,0.16573556797020486,NoLeft,,#f44336,,,,,,,,,
samples.65,,ssb0l20xp,file://C:\Users\gabri\Documents\UofT\APS360\Project\AugData\AugData\NoLeft\img1854.png,complete,,bounding-box,32060493414246927,0.409683426443203,0.44382370961223017,0.06703910614525138,0.1527001862197393,NoLeft,,#f44336,,,,,,,,,
samples.66,,soykfeby2,file://C:\Users\gabri\Documents\UofT\APS360\Project\AugData\AugData\NoLeft\img1855.png,complete,,bounding-box,06379067954678308,0.3789571694599627,0.26225946380217424,0.12104283054003723,0.1620111731843575,NoLeft,,#f44336,,,,,,,,,
samples.67,,ssybbtxku,file://C:\Users\gabri\Documents\UofT\APS360\Project\AugData\AugData\NoLeft\img1856.png,complete,,bounding-box,9229192560249122,0.34450651769087526,0.3134698921075746,0.12290502793296093,0.17132216014897578,NoLeft,,#f44336,,,,,,,,,
samples.68,,sevang12o,file://C:\Users\gabri\Documents\UofT\APS360\Project\AugData\AugData\NoLeft\img1857.png,complete,,bounding-box,14049006779502382,0.351024208566108,0.3106765960181892,0.05772811918063314,0.11731843575418993,NoLeft,,#f44336,,,,,,,,,
samples.69,,ssi7kl4q7,file://C:\Users\gabri\Documents\UofT\APS360\Project\AugData\AugData\NoLeft\img1858.png,complete,,bounding-box,6128307897843805,0.32495344506517687,0.4335816239511501,0.1359404096834264,0.12104283054003723,NoLeft,,#f44336,,,,,,,,,
samples.70,,skzpbeirj,file://C:\Users\gabri\Documents\UofT\APS360\Project\AugData\AugData\NoLeft\img1859.png,complete,,bounding-box,8012852789125837,0.297951582867784,0.31067659601818914,0.08938547486033521,0.12476722532588455,NoEntry,,#2196f3,,,,,,,,,
samples.71,,sj31sxivy,file://C:\Users\gabri\Documents\UofT\APS360\Project\AugData\AugData\NoLeft\img1860.png,complete,,bounding-box,4743846732680048,0.4106145251396648,0.35536933344835675,0.08007448789571697,0.12476722532588458,NoEntry,,#2196f3,,,,,,,,,
samples.72,,sgqcricq9,file://C:\Users\gabri\Documents\UofT\APS360\Project\AugData\AugData\NoLeft\img1861.png,complete,,bounding-box,674570977172356,0.6396648044692737,0.3022967077500327,0.06890130353817503,0.16387337057728119,NoEntry,,#2196f3,,,,,,,,,
samples.73,,s85eqt6wa,file://C:\Users\gabri\Documents\UofT\APS360\Project\AugData\AugData\NoLeft\img1862.png,complete,,bounding-box,07149570168803154,0.23463687150837986,0.3041589051429564,0.09683426443202978,0.10800744878957169,NoLeft,,#f44336,,,,,,,,,
samples.74,,snl5wr49t,file://C:\Users\gabri\Documents\UofT\APS360\Project\AugData\AugData\NoLeft\img1863.png,complete,,bounding-box,9324940866677718,0.3398510242085661,0.20266914722861745,0.07635009310986962,0.14711359404096833,NoLeft,,#f44336,,,,,,,,,
samples.75,,s5wxkta54,file://C:\Users\gabri\Documents\UofT\APS360\Project\AugData\AugData\NoLeft\img1864.png,complete,,bounding-box,12711135084597203,0.3770949720670391,0.5117939144539434,0.12849162011173182,0.14711359404096835,NoLeft,,#f44336,,,,,,,,,
samples.76,,s4lw93vrm,file://C:\Users\gabri\Documents\UofT\APS360\Project\AugData\AugData\NoLeft\img1865.png,complete,,bounding-box,831736517083516,0.39385474860335196,0.27343264815971613,0.08379888268156421,0.1359404096834264,NoLeft,,#f44336,,,,,,,,,
samples.77,,stt5hkrwh,file://C:\Users\gabri\Documents\UofT\APS360\Project\AugData\AugData\NoLeft\img1866.png,complete,,bounding-box,6052668119324416,0.49534450651769085,0.13842333717275154,0.11173184357541899,0.16387337057728119,NoLeft,,#f44336,,,,,,,,,
samples.78,,siq4l4p27,file://C:\Users\gabri\Documents\UofT\APS360\Project\AugData\AugData\NoLeft\img1867.png,complete,,bounding-box,7119978840728916,0.22718808193668527,0.33767845821558207,0.11173184357541896,0.13780260707635011,NoLeft,,#f44336,bounding-box,07324726075222832,0.6312849162011174,0.41402855132545174,0.0968342644320298,0.11173184357541899,NoLeft,,#f44336
samples.79,,szjobtq5d,file://C:\Users\gabri\Documents\UofT\APS360\Project\AugData\AugData\NoLeft\img1868.png,complete,[],,,,,,,,,,,,,,,,,,
samples.80,,si42nglyc,file://C:\Users\gabri\Documents\UofT\APS360\Project\AugData\AugData\NoLeft\img1869.png,complete,,bounding-box,41988748187449687,0.3426443202979516,0.2976412142677236,0.1042830540037244,0.14711359404096835,NoLeft,,#f44336,,,,,,,,,
samples.81,,suhr0vahm,file://C:\Users\gabri\Documents\UofT\APS360\Project\AugData\AugData\NoLeft\img1870.png,complete,,bounding-box,14284798006526978,0.21042830540037244,0.274363746856178,0.07821229050279327,0.0782122905027933,NoLeft,,#f44336,bounding-box,17887086371539263,0.6312849162011174,0.23153320681893405,0.1154562383612664,0.13407821229050282,NoLeft,,#f44336
samples.82,,s58mlajlv,file://C:\Users\gabri\Documents\UofT\APS360\Project\AugData\AugData\NoLeft\img2343.png,complete,,bounding-box,7132803587320315,0.6629422718808193,0.33395406342973477,0.059590316573556845,0.08938547486033521,NoLeft,,#f44336,,,,,,,,,
samples.83,,svwwyz8ch,file://C:\Users\gabri\Documents\UofT\APS360\Project\AugData\AugData\NoLeft\img2344.png,complete,[],,,,,,,,,,,,,,,,,,
samples.84,,sax84i8go,file://C:\Users\gabri\Documents\UofT\APS360\Project\AugData\AugData\NoLeft\img2345.png,complete,,bounding-box,3198582253412572,0.4813780260707635,0.2147734302826212,0.09124767225325892,0.16014897579143386,NoLeft,,#f44336,,,,,,,,,
samples.85,,s0k7lrj2p,file://C:\Users\gabri\Documents\UofT\APS360\Project\AugData\AugData\NoLeft\img2346.png,complete,,bounding-box,2328053557491656,0.3947858472998138,0.21384233158615937,0.07821229050279327,0.11731843575418993,NoLeft,,#f44336,,,,,,,,,
samples.86,,sh624t3wf,file://C:\Users\gabri\Documents\UofT\APS360\Project\AugData\AugData\NoLeft\img2347.png,complete,,bounding-box,8528081145414015,0.6480446927374302,0.1970825550498465,0.13407821229050276,0.16201117318435754,NoLeft,,#f44336,,,,,,,,,
samples.87,,ssskveyvc,file://C:\Users\gabri\Documents\UofT\APS360\Project\AugData\AugData\NoLeft\img2348.png,complete,,bounding-box,7720213229675246,0.18435754189944134,0.3199875829828074,0.07076350093109868,0.11731843575418993,NoLeft,,#f44336,,,,,,,,,
samples.88,,sn73ol3ab,file://C:\Users\gabri\Documents\UofT\APS360\Project\AugData\AugData\NoLeft\img2349.png,complete,,bounding-box,0707134007853889,0.5884543761638734,0.33860955691204386,0.13035381750465558,0.10242085661080075,NoLeft,,#f44336,,,,,,,,,
samples.89,,szbmkdv6l,file://C:\Users\gabri\Documents\UofT\APS360\Project\AugData\AugData\NoLeft\img2350.png,complete,,bounding-box,7431595668590774,0.4720670391061452,0.3041589051429564,0.08007448789571692,0.1303538175046555,NoLeft,,#f44336,,,,,,,,,
samples.90,,shfqdwlzi,file://C:\Users\gabri\Documents\UofT\APS360\Project\AugData\AugData\NoLeft\img2351.png,complete,[],,,,,,,,,,,,,,,,,,
samples.91,,snngdkdzs,file://C:\Users\gabri\Documents\UofT\APS360\Project\AugData\AugData\NoLeft\img2352.png,complete,,bounding-box,30615346725357306,0.32867783985102417,0.40657976175375715,0.10242085661080075,0.11173184357541899,NoLeft,,#f44336,,,,,,,,,
samples.92,,s5iyg3sj9,file://C:\Users\gabri\Documents\UofT\APS360\Project\AugData\AugData\NoLeft\img2353.png,complete,,bounding-box,24557297790170485,0.25139664804469275,0.4261328343794555,0.09310986964618251,0.13221601489757911,NoLeft,,#f44336,,,,,,,,,
samples.93,,slxn5zzw7,file://C:\Users\gabri\Documents\UofT\APS360\Project\AugData\AugData\NoLeft\img2354.png,complete,[],,,,,,,,,,,,,,,,,,
samples.94,,sw1gzn92l,file://C:\Users\gabri\Documents\UofT\APS360\Project\AugData\AugData\NoLeft\img2355.png,complete,,bounding-box,36905777100491766,0.5195530726256983,0.2231533185507776,0.06331471135940409,0.09869646182495345,NoLeft,,#f44336,,,,,,,,,
samples.95,,sgbvi76ah,file://C:\Users\gabri\Documents\UofT\APS360\Project\AugData\AugData\NoLeft\img2356.png,complete,,bounding-box,7936521184982599,0.4180633147113594,0.09373059974258395,0.10614525139664804,0.148975791433892,NoLeft,,#f44336,,,,,,,,,
samples.96,,sameh00zh,file://C:\Users\gabri\Documents\UofT\APS360\Project\AugData\AugData\NoLeft\img2357.png,complete,,bounding-box,2664333904575289,0.3054003724394786,0.37399130737759323,0.08938547486033521,0.08752327746741156,NoLeft,,#f44336,,,,,,,,,
samples.97,,svvxdrcg8,file://C:\Users\gabri\Documents\UofT\APS360\Project\AugData\AugData\NoLeft\img2358.png,complete,,bounding-box,276139894098415,0.6256983240223464,0.1887026667816901,0.22346368715083798,0.10800744878957169,NoLeft,,#f44336,,,,,,,,,
samples.98,,syeksx2xs,file://C:\Users\gabri\Documents\UofT\APS360\Project\AugData\AugData\NoLeft\img2359.png,complete,,bounding-box,5956838691229827,0.5828677839851024,0.5313469870796417,0.1005586592178771,0.14525139664804465,NoLeft,,#f44336,,,,,,,,,
samples.99,,svi5tzb98,file://C:\Users\gabri\Documents\UofT\APS360\Project\AugData\AugData\NoLeft\img2360.png,complete,,bounding-box,23141697187431864,0.2802607076350093,0.29577901687479996,0.10986964618249531,0.08379888268156421,NoLeft,,#f44336,,,,,,,,,
samples.100,,skyc4wwbs,file://C:\Users\gabri\Documents\UofT\APS360\Project\AugData\AugData\NoLeft\img2361.png,complete,,bounding-box,6692546778716275,0.6163873370577282,0.2873991286066435,0.21973929236499068,0.186219739292365,NoLeft,,#f44336,,,,,,,,,
samples.101,,swcrtrm08,file://C:\Users\gabri\Documents\UofT\APS360\Project\AugData\AugData\NoLeft\img2362.png,complete,,bounding-box,17598018338858967,0.4301675977653631,0.3181253855898838,0.08566108007448792,0.08752327746741156,NoLeft,,#f44336,,,,,,,,,
samples.102,,s308wupua,file://C:\Users\gabri\Documents\UofT\APS360\Project\AugData\AugData\NoLeft\img2363.png,complete,,bounding-box,8270998007518748,0.5512104283054003,0.4270639330759173,0.07076350093109873,0.12662942271880817,NoLeft,,#f44336,,,,,,,,,
samples.103,,s01b0btpj,file://C:\Users\gabri\Documents\UofT\APS360\Project\AugData\AugData\NoLeft\img2364.png,complete,,bounding-box,30010292971324604,0.26908752327746743,0.274363746856178,0.11359404096834264,0.13035381750465547,NoLeft,,#f44336,,,,,,,,,
samples.104,,strc5dkoj,file://C:\Users\gabri\Documents\UofT\APS360\Project\AugData\AugData\NoLeft\img2365.png,complete,,bounding-box,1438194536557118,0.527001862197393,0.17287398894183909,0.10800744878957175,0.06890130353817506,NoLeft,,#f44336,,,,,,,,,
samples.105,,syxqpi01j,file://C:\Users\gabri\Documents\UofT\APS360\Project\AugData\AugData\NoLeft\img2366.png,complete,,bounding-box,7294063472336987,0.36405959031657353,0.3386095569120439,0.15456238361266295,0.14711359404096835,NoLeft,,#f44336,,,,,,,,,
samples.106,,s63e32vnq,file://C:\Users\gabri\Documents\UofT\APS360\Project\AugData\AugData\NoLeft\img2367.png,complete,,bounding-box,42457628970988615,0.3985102420856611,0.4941030392211687,0.09683426443202975,0.1452513966480447,NoLeft,,#f44336,,,,,,,,,
samples.107,,szlkeqvif,file://C:\Users\gabri\Documents\UofT\APS360\Project\AugData\AugData\NoLeft\img2368.png,complete,,bounding-box,6429293702876369,0.44878957169459965,0.2408441937835523,0.08938547486033516,0.13035381750465552,NoLeft,,#f44336,,,,,,,,,
samples.108,,sz00asoz4,file://C:\Users\gabri\Documents\UofT\APS360\Project\AugData\AugData\NoLeft\img2369.png,complete,,bounding-box,21859861787025525,0.3745549348230913,0.2857454973217273,0.1287150837988827,0.1673296089385474,NoLeft,,#f44336,,,,,,,,,
samples.109,,sww8ip7cz,file://C:\Users\gabri\Documents\UofT\APS360\Project\AugData\AugData\NoLeft\img2370.png,complete,,bounding-box,8526447431362367,0.3202979515828678,0.3320918660368111,0.07076350093109873,0.12662942271880817,NoLeft,,#f44336,,,,,,,,,
samples.110,,s2klrxtas,file://C:\Users\gabri\Documents\UofT\APS360\Project\AugData\AugData\NoLeft\img2371.png,complete,,bounding-box,6562496673972904,0.3575418994413408,0.39261328130682976,0.11173184357541899,0.12849162011173187,NoLeft,,#f44336,,,,,,,,,
samples.111,,sq8c223qh,file://C:\Users\gabri\Documents\UofT\APS360\Project\AugData\AugData\NoLeft\img2372.png,complete,,bounding-box,10616803458539703,0.28677839851024206,0.3144009908040365,0.09683426443202978,0.12849162011173182,NoEntry,,#2196f3,,,,,,,,,
samples.112,,scjq2tn36,file://C:\Users\gabri\Documents\UofT\APS360\Project\AugData\AugData\NoLeft\img2373.png,complete,,bounding-box,5645933877406117,0.4264432029795158,0.35909372823420405,0.08193668528864062,0.12849162011173187,NoEntry,,#2196f3,,,,,,,,,
samples.113,,sz6tt5cap,file://C:\Users\gabri\Documents\UofT\APS360\Project\AugData\AugData\NoLeft\img2374.png,complete,,bounding-box,07281820232616254,0.5605214152700186,0.27529484555263983,0.11545623836126628,0.16945996275605216,NoEntry,,#2196f3,,,,,,,,,
samples.114,,sywu8i8s6,file://C:\Users\gabri\Documents\UofT\APS360\Project\AugData\AugData\NoLeft\img2375.png,complete,,bounding-box,015458945178535188,0.21880819366852886,0.3237119777686547,0.12104283054003723,0.11359404096834264,NoLeft,,#f44336,,,,,,,,,
samples.115,,safu4bw6g,file://C:\Users\gabri\Documents\UofT\APS360\Project\AugData\AugData\NoLeft\img2376.png,complete,,bounding-box,2879980158183495,0.2206703910614525,0.3190564842863456,0.11731843575418993,0.15642458100558657,NoLeft,,#f44336,,,,,,,,,
samples.116,,sjrgxorjr,file://C:\Users\gabri\Documents\UofT\APS360\Project\AugData\AugData\NoLeft\img2377.png,complete,,bounding-box,3145375225374285,0.3752327746741154,0.4847920522565504,0.10986964618249534,0.1564245810055866,NoLeft,,#f44336,,,,,,,,,
samples.117,,sbqkxr2qv,file://C:\Users\gabri\Documents\UofT\APS360\Project\AugData\AugData\NoLeft\img2378.png,complete,,bounding-box,05048288231542575,0.3817504655493482,0.2669149572844834,0.08566108007448792,0.1378026070763501,NoLeft,,#f44336,,,,,,,,,
samples.118,,s655q0khm,file://C:\Users\gabri\Documents\UofT\APS360\Project\AugData\AugData\NoLeft\img2379.png,complete,,bounding-box,2662037904080301,0.329608938547486,0.18590937069230462,0.12290502793296088,0.13966480446927376,NoLeft,,#f44336,,,,,,,,,
samples.119,,s7b7o42bw,file://C:\Users\gabri\Documents\UofT\APS360\Project\AugData\AugData\NoLeft\img2380.png,complete,,bounding-box,746381264407953,0.22160148975791433,0.35816262953774225,0.13035381750465547,0.12662942271880823,NoLeft,,#f44336,bounding-box,4016011198510152,0.6284916201117319,0.4224084395936082,0.07262569832402233,0.09869646182495345,NoLeft,,#f44336
samples.120,,s082iglld,file://C:\Users\gabri\Documents\UofT\APS360\Project\AugData\AugData\NoLeft\img2381.png,complete,,bounding-box,7139222560202492,0.3435754189944134,0.29298572078541446,0.046554934823091254,0.10800744878957166,NoLeft,,#f44336,,,,,,,,,
samples.121,,s016oaq48,file://C:\Users\gabri\Documents\UofT\APS360\Project\AugData\AugData\NoLeft\img2382.png,complete,,bounding-box,17015992247044265,0.33519553072625696,0.3162631881969601,0.11918063314711363,0.12104283054003723,NoLeft,,#f44336,,,,,,,,,
samples.122,,sacjlmzq5,file://C:\Users\gabri\Documents\UofT\APS360\Project\AugData\AugData\NoLeft\img2383.png,complete,,bounding-box,8640905314880909,0.16945996275605213,0.35257603735897125,0.08566108007448789,0.08938547486033516,NoLeft,,#f44336,bounding-box,24888207212804092,0.5567970204841713,0.21291123288969754,0.1005586592178771,0.11173184357541899,NoLeft,,#f44336
samples.123,,s4uvpbm1n,file://C:\Users\gabri\Documents\UofT\APS360\Project\AugData\AugData\NoLeft\img2856.png,complete,,bounding-box,2435045985244646,0.6582867783985102,0.3227808790721929,0.06517690875232773,0.1005586592178771,NoLeft,,#f44336,,,,,,,,,
samples.124,,sfozvnnhf,file://C:\Users\gabri\Documents\UofT\APS360\Project\AugData\AugData\NoLeft\img2857.png,complete,[],,,,,,,,,,,,,,,,,,
samples.125,,shguu1myo,file://C:\Users\gabri\Documents\UofT\APS360\Project\AugData\AugData\NoLeft\img2858.png,complete,,bounding-box,14428639211839567,0.44618249534450655,0.20062073009640144,0.09236499068901305,0.14599627560521417,NoLeft,,#f44336,,,,,,,,,
samples.126,,s8r7zqs6h,file://C:\Users\gabri\Documents\UofT\APS360\Project\AugData\AugData\NoLeft\img2859.png,complete,,bounding-box,7250597558504857,0.32774674115456237,0.24736188465878506,0.08566108007448792,0.12104283054003726,NoLeft,,#f44336,,,,,,,,,
samples.127,,sdpzn78jh,file://C:\Users\gabri\Documents\UofT\APS360\Project\AugData\AugData\NoLeft\img2860.png,complete,,bounding-box,5323533160526968,0.49068901303538176,0.17008069285245359,0.11731843575418999,0.1415270018621974,NoLeft,,#f44336,,,,,,,,,
samples.128,,sek3hmphd,file://C:\Users\gabri\Documents\UofT\APS360\Project\AugData\AugData\NoLeft\img2861.png,complete,,bounding-box,8895106433819935,0.2644320297951583,0.20918683810385025,0.074487895716946,0.11173184357541899,NoLeft,,#f44336,,,,,,,,,
samples.129,,ssnjdpbq9,file://C:\Users\gabri\Documents\UofT\APS360\Project\AugData\AugData\NoLeft\img2862.png,complete,,bounding-box,4225526037608558,0.6154562383612663,0.3469894451802003,0.12849162011173187,0.1042830540037244,NoLeft,,#f44336,,,,,,,,,
samples.130,,sowd0qtan,file://C:\Users\gabri\Documents\UofT\APS360\Project\AugData\AugData\NoLeft\img2863.png,complete,,bounding-box,3583097272577296,0.4655493482309125,0.30974549732172735,0.1042830540037244,0.1266294227188082,NoLeft,,#f44336,,,,,,,,,
samples.131,,s2wfa365h,file://C:\Users\gabri\Documents\UofT\APS360\Project\AugData\AugData\NoLeft\img2864.png,complete,,bounding-box,6289618503760963,0.3687150837988827,0.26784605598094524,0.06331471135940414,0.08379888268156427,NoLeft,,#f44336,,,,,,,,,
samples.132,,s1nu14uam,file://C:\Users\gabri\Documents\UofT\APS360\Project\AugData\AugData\NoLeft\img2865.png,complete,,bounding-box,9177600376756452,0.35009310986964615,0.3777157021634405,0.13035381750465552,0.12104283054003723,NoLeft,,#f44336,,,,,,,,,
samples.133,,s0ypnikey,file://C:\Users\gabri\Documents\UofT\APS360\Project\AugData\AugData\NoLeft\img2866.png,complete,,bounding-box,5389503590269644,0.28305400372439476,0.35257603735897125,0.09310986964618248,0.1527001862197393,NoLeft,,#f44336,,,,,,,,,
samples.134,,s1mu19og9,file://C:\Users\gabri\Documents\UofT\APS360\Project\AugData\AugData\NoLeft\img2867.png,complete,[],,,,,,,,,,,,,,,,,,
samples.135,,sqjuxnzhk,file://C:\Users\gabri\Documents\UofT\APS360\Project\AugData\AugData\NoLeft\img2868.png,complete,,bounding-box,11865943494223985,0.48789571694599626,0.21663562767554484,0.05586592178770944,0.08938547486033521,NoLeft,,#f44336,,,,,,,,,
samples.136,,s5a2hb7yf,file://C:\Users\gabri\Documents\UofT\APS360\Project\AugData\AugData\NoLeft\img2869.png,complete,,bounding-box,8506814594582452,0.43854748603351956,0.09093730365319848,0.13221601489757911,0.14711359404096835,NoLeft,,#f44336,,,,,,,,,
samples.137,,ss4mw73gp,file://C:\Users\gabri\Documents\UofT\APS360\Project\AugData\AugData\NoLeft\img2870.png,complete,,bounding-box,5440005461684199,0.34916201117318435,0.30602110253588005,0.07635009310986962,0.1042830540037244,NoLeft,,#f44336,,,,,,,,,
samples.138,,s66ojcunq,file://C:\Users\gabri\Documents\UofT\APS360\Project\AugData\AugData\NoLeft\img2871.png,complete,,bounding-box,23695720902318462,0.6638733705772812,0.21942892376493028,0.17318435754189954,0.14338919925512103,NoLeft,,#f44336,,,,,,,,,
samples.139,,sg6iok9ns,file://C:\Users\gabri\Documents\UofT\APS360\Project\AugData\AugData\NoLeft\img2872.png,complete,,bounding-box,04971399237057761,0.558659217877095,0.5490378623124164,0.1042830540037244,0.18435754189944137,NoLeft,,#f44336,,,,,,,,,
samples.140,,s8uii6fhv,file://C:\Users\gabri\Documents\UofT\APS360\Project\AugData\AugData\NoLeft\img2873.png,complete,,bounding-box,011050780230070112,0.33891992551210426,0.23618870030124317,0.09683426443202975,0.10614525139664802,NoLeft,,#f44336,,,,,,,,,
samples.141,,s4ptrz3ng,file://C:\Users\gabri\Documents\UofT\APS360\Project\AugData\AugData\NoLeft\img2874.png,complete,,bounding-box,8896437495309033,0.5176908752327747,0.274363746856178,0.2532588454376164,0.16014897579143392,NoLeft,,#f44336,,,,,,,,,
samples.142,,s9e5bljd3,file://C:\Users\gabri\Documents\UofT\APS360\Project\AugData\AugData\NoLeft\img2875.png,complete,,bounding-box,417726434189684,0.4068901303538175,0.3255741751615784,0.10242085661080075,0.08752327746741156,NoLeft,,#f44336,,,,,,,,,
samples.143,,soqr33p0c,file://C:\Users\gabri\Documents\UofT\APS360\Project\AugData\AugData\NoLeft\img2876.png,complete,,bounding-box,2281647086802676,0.5512104283054005,0.42333953829007,0.0968342644320298,0.13035381750465547,NoLeft,,#f44336,,,,,,,,,
samples.144,,seu3vq35m,file://C:\Users\gabri\Documents\UofT\APS360\Project\AugData\AugData\NoLeft\img2877.png,complete,,bounding-box,8127134005426677,0.3258845437616387,0.22036002246139214,0.10800744878957169,0.12662942271880817,NoLeft,,#f44336,,,,,,,,,
samples.145,,sl6w07lrp,file://C:\Users\gabri\Documents\UofT\APS360\Project\AugData\AugData\NoLeft\img2878.png,complete,,bounding-box,818933268873147,0.6480446927374302,0.21011793680031207,0.08193668528864062,0.10242085661080075,NoLeft,,#f44336,,,,,,,,,
samples.146,,seiwq29kn,file://C:\Users\gabri\Documents\UofT\APS360\Project\AugData\AugData\NoLeft\img2879.png,complete,,bounding-box,023275411044928918,0.39385474860335196,0.33395406342973477,0.13594040968342647,0.21601489757914338,NoLeft,,#f44336,,,,,,,,,
samples.147,,srzbnc4lj,file://C:\Users\gabri\Documents\UofT\APS360\Project\AugData\AugData\NoLeft\img2880.png,complete,,bounding-box,9175785530323406,0.4022346368715084,0.4643078809343903,0.0968342644320298,0.16759776536312854,NoLeft,,#f44336,,,,,,,,,
samples.148,,s996ix8vf,file://C:\Users\gabri\Documents\UofT\APS360\Project\AugData\AugData\NoLeft\img2881.png,complete,,bounding-box,4859712557081739,0.47113594040968343,0.22780881203308675,0.13035381750465547,0.148975791433892,NoLeft,,#f44336,,,,,,,,,
samples.149,,s0dyplu8j,file://C:\Users\gabri\Documents\UofT\APS360\Project\AugData\AugData\NoLeft\img2882.png,complete,,bounding-box,8153184436781815,0.3175046554934823,0.35443823475189495,0.12849162011173182,0.1564245810055866,NoLeft,,#f44336,,,,,,,,,
samples.150,,sdwtal2on,file://C:\Users\gabri\Documents\UofT\APS360\Project\AugData\AugData\NoLeft\img2883.png,complete,,bounding-box,9940838651272286,0.31843575418994413,0.34140285300142936,0.07448789571694603,0.12290502793296093,NoLeft,,#f44336,,,,,,,,,
samples.151,,siyq1y31h,file://C:\Users\gabri\Documents\UofT\APS360\Project\AugData\AugData\NoLeft\img2884.png,complete,,bounding-box,7521418066774075,0.3472998137802607,0.3777157021634405,0.14338919925512106,0.1396648044692737,NoLeft,,#f44336,,,,,,,,,
samples.152,,s1djm69u5,file://C:\Users\gabri\Documents\UofT\APS360\Project\AugData\AugData\NoLeft\img2885.png,complete,,bounding-box,05935788773451156,0.270949720670391,0.3320918660368112,0.10986964618249534,0.148975791433892,NoEntry,,#2196f3,,,,,,,,,
samples.153,,svpjl266p,file://C:\Users\gabri\Documents\UofT\APS360\Project\AugData\AugData\NoLeft\img2886.png,complete,,bounding-box,26384209337178266,0.45344506517690875,0.34140285300142936,0.10986964618249528,0.13035381750465552,NoEntry,,#2196f3,,,,,,,,,
samples.154,,sfjerbqu4,file://C:\Users\gabri\Documents\UofT\APS360\Project\AugData\AugData\NoLeft\img2887.png,complete,,bounding-box,04128962678050274,0.5800744878957169,0.2669149572844834,0.0986964618249534,0.1675977653631285,NoEntry,,#2196f3,,,,,,,,,
samples.155,,scny5w148,file://C:\Users\gabri\Documents\UofT\APS360\Project\AugData\AugData\NoLeft\img2888.png,complete,,bounding-box,21728620872311932,0.23836126629422721,0.2883302273031053,0.1266294227188082,0.11731843575418993,NoLeft,,#f44336,,,,,,,,,
samples.156,,sy3j79ulw,file://C:\Users\gabri\Documents\UofT\APS360\Project\AugData\AugData\NoLeft\img2889.png,complete,,bounding-box,08798574968575412,0.3212290502793296,0.20266914722861745,0.12476722532588452,0.17318435754189943,NoLeft,,#f44336,,,,,,,,,
samples.157,,swli96sg8,file://C:\Users\gabri\Documents\UofT\APS360\Project\AugData\AugData\NoLeft\img2890.png,complete,,bounding-box,709186091296568,0.36219739292364994,0.4819987561671649,0.13221601489757911,0.16945996275605218,NoLeft,,#f44336,,,,,,,,,
samples.158,,smr9sy9bu,file://C:\Users\gabri\Documents\UofT\APS360\Project\AugData\AugData\NoLeft\img2891.png,complete,,bounding-box,07698712031267818,0.2951582867783985,0.3358162608226585,0.10242085661080078,0.13407821229050282,NoLeft,,#f44336,,,,,,,,,
samples.159,,sshrpygji,file://C:\Users\gabri\Documents\UofT\APS360\Project\AugData\AugData\NoLeft\img2892.png,complete,,bounding-box,7187221627010087,0.47020484171322163,0.13469894238690425,0.08007448789571697,0.148975791433892,NoLeft,,#f44336,,,,,,,,,
samples.160,,s5ajcthoh,file://C:\Users\gabri\Documents\UofT\APS360\Project\AugData\AugData\NoLeft\img2893.png,complete,,bounding-box,3409981349032145,0.2206703910614525,0.37957789955636423,0.12849162011173182,0.15083798882681565,NoLeft,,#f44336,bounding-box,4872316746958212,0.6238361266294228,0.4158907487183754,0.07076350093109862,0.1005586592178771,NoLeft,,#f44336
samples.161,,ss9m7n8wq,file://C:\Users\gabri\Documents\UofT\APS360\Project\AugData\AugData\NoLeft\img2894.png,complete,[],,,,,,,,,,,,,,,,,,
samples.162,,sqhc5uxye,file://C:\Users\gabri\Documents\UofT\APS360\Project\AugData\AugData\NoLeft\img2895.png,complete,,bounding-box,030986425858761546,0.409683426443203,0.26132836510571245,0.0968342644320298,0.17877094972067042,NoLeft,,#f44336,,,,,,,,,
samples.163,,stqconual,file://C:\Users\gabri\Documents\UofT\APS360\Project\AugData\AugData\NoLeft\img2896.png,complete,,bounding-box,7702566346229567,0.2756052141527002,0.20173804853215566,0.05959031657355682,0.08193668528864059,NoLeft,,#f44336,bounding-box,8301914341186714,0.6936685288640596,0.27343264815971613,0.07262569832402233,0.1359404096834264,NoLeft,,#f44336
samples.164,,subfe76ni,file://C:\Users\gabri\Documents\UofT\APS360\Project\AugData\AugData\NoLeft\img291.png,complete,,bounding-box,0930374278141235,0.6294227188081937,0.3153320895004983,0.059590316573556734,0.08566108007448792,NoLeft,,#f44336,,,,,,,,,
samples.165,,sonrx3ih6,file://C:\Users\gabri\Documents\UofT\APS360\Project\AugData\AugData\NoLeft\img292.png,complete,[],,,,,,,,,,,,,,,,,,
samples.166,,s3agfnb4h,file://C:\Users\gabri\Documents\UofT\APS360\Project\AugData\AugData\NoLeft\img293.png,complete,,bounding-box,3760696382267763,0.462756052141527,0.22594661464016308,0.07635009310986962,0.16014897579143392,NoLeft,,#f44336,,,,,,,,,
samples.167,,ss50x53ga,file://C:\Users\gabri\Documents\UofT\APS360\Project\AugData\AugData\NoLeft\img294.png,complete,,bounding-box,5173296226809523,0.31709497206703907,0.261924268271448,0.08581005586592177,0.12394785847299816,NoLeft,,#f44336,,,,,,,,,
samples.168,,svhdub7jb,file://C:\Users\gabri\Documents\UofT\APS360\Project\AugData\AugData\NoLeft\img295.png,complete,,bounding-box,12005922246897338,0.46089385474860334,0.17939167981707183,0.154562383612663,0.148975791433892,NoLeft,,#f44336,,,,,,,,,
samples.169,,srm48tm5e,file://C:\Users\gabri\Documents\UofT\APS360\Project\AugData\AugData\NoLeft\img296.png,complete,,bounding-box,7229948239066517,0.23184357541899442,0.23898199639062861,0.046554934823091254,0.10428305400372437,NoLeft,,#f44336,,,,,,,,,
samples.170,,sxyn5j92k,file://C:\Users\gabri\Documents\UofT\APS360\Project\AugData\AugData\NoLeft\img297.png,complete,,bounding-box,6558478122273512,0.6080074487895717,0.343265050394353,0.11731843575418988,0.1042830540037244,NoLeft,,#f44336,,,,,,,,,
samples.171,,saz62cm39,file://C:\Users\gabri\Documents\UofT\APS360\Project\AugData\AugData\NoLeft\img298.png,complete,,bounding-box,43517578462946305,0.45251396648044695,0.3153320895004983,0.07821229050279327,0.1340782122905028,NoLeft,,#f44336,,,,,,,,,
samples.172,,s2drq8ryp,file://C:\Users\gabri\Documents\UofT\APS360\Project\AugData\AugData\NoLeft\img299.png,complete,[],,,,,,,,,,,,,,,,,,
samples.173,,soxe1gldi,file://C:\Users\gabri\Documents\UofT\APS360\Project\AugData\AugData\NoLeft\img300.png,complete,,bounding-box,7309297946504665,0.3370577281191806,0.3879577878245206,0.10800744878957169,0.13407821229050282,NoLeft,,#f44336,,,,,,,,,
samples.174,,s0xadrktc,file://C:\Users\gabri\Documents\UofT\APS360\Project\AugData\AugData\NoLeft\img301.png,complete,,bounding-box,9807289857965422,0.3361266294227188,0.2892613259995672,0.08007448789571692,0.13407821229050282,NoLeft,,#f44336,,,,,,,,,
samples.175,,s6wlqnung,file://C:\Users\gabri\Documents\UofT\APS360\Project\AugData\AugData\NoLeft\img302.png,complete,[],,,,,,,,,,,,,,,,,,
samples.176,,sgo0c7zqo,file://C:\Users\gabri\Documents\UofT\APS360\Project\AugData\AugData\NoLeft\img303.png,complete,,bounding-box,30922237916908935,0.46182495344506513,0.22408441724723943,0.06703910614525138,0.09310986964618251,NoLeft,,#f44336,,,,,,,,,
samples.177,,sfjl9du7m,file://C:\Users\gabri\Documents\UofT\APS360\Project\AugData\AugData\NoLeft\img304.png,complete,,bounding-box,19969835270685676,0.4897579143389199,0.07976411929565658,0.11545623836126628,0.12849162011173185,NoLeft,,#f44336,,,,,,,,,
samples.178,,sgk8qgnll,file://C:\Users\gabri\Documents\UofT\APS360\Project\AugData\AugData\NoLeft\img305.png,complete,,bounding-box,7288875092837048,0.35474860335195535,0.3181253855898838,0.08752327746741156,0.10242085661080075,NoLeft,,#f44336,,,,,,,,,
samples.179,,spso6swi8,file://C:\Users\gabri\Documents\UofT\APS360\Project\AugData\AugData\NoLeft\img306.png,complete,,bounding-box,7815665545388699,0.6415270018621974,0.2147734302826212,0.18063314711359402,0.15642458100558657,NoLeft,,#f44336,,,,,,,,,
samples.180,,sjdjqsw2r,file://C:\Users\gabri\Documents\UofT\APS360\Project\AugData\AugData\NoLeft\img307.png,complete,,bounding-box,7038417940662296,0.5698324022346368,0.5332091844725653,0.1042830540037244,0.14897579143389195,NoLeft,,#f44336,,,,,,,,,
samples.181,,suhpmk5m6,file://C:\Users\gabri\Documents\UofT\APS360\Project\AugData\AugData\NoLeft\img308.png,complete,,bounding-box,09094295980651812,0.2839851024208566,0.28833022730310537,0.08379888268156424,0.08752327746741154,NoLeft,,#f44336,,,,,,,,,
samples.182,,sinjchw8e,file://C:\Users\gabri\Documents\UofT\APS360\Project\AugData\AugData\NoLeft\img309.png,complete,,bounding-box,7974622837681018,0.6173184357541899,0.28553693121371987,0.22905027932960886,0.20484171322160147,NoLeft,,#f44336,,,,,,,,,
samples.183,,sx0u5l95m,file://C:\Users\gabri\Documents\UofT\APS360\Project\AugData\AugData\NoLeft\img310.png,complete,,bounding-box,9056811874876436,0.388268156424581,0.3302296686438875,0.10242085661080075,0.09310986964618251,NoLeft,,#f44336,,,,,,,,,
samples.184,,sinhbgium,file://C:\Users\gabri\Documents\UofT\APS360\Project\AugData\AugData\NoLeft\img311.png,complete,,bounding-box,3249335005683547,0.5679702048417132,0.44103041352284467,0.07821229050279332,0.12104283054003728,NoLeft,,#f44336,,,,,,,,,
samples.185,,senhaxj1n,file://C:\Users\gabri\Documents\UofT\APS360\Project\AugData\AugData\NoLeft\img312.png,complete,,bounding-box,2378978097905542,0.23091247672253257,0.3078832999288037,0.10428305400372437,0.11545623836126628,NoLeft,,#f44336,,,,,,,,,
samples.186,,s82jnwte7,file://C:\Users\gabri\Documents\UofT\APS360\Project\AugData\AugData\NoLeft\img313.png,complete,,bounding-box,4525060200029407,0.6778398510242085,0.22222221985431578,0.06703910614525144,0.08566108007448789,NoLeft,,#f44336,,,,,,,,,
samples.187,,sq32p65t8,file://C:\Users\gabri\Documents\UofT\APS360\Project\AugData\AugData\NoLeft\img314.png,complete,,bounding-box,11147580130857304,0.4273743016759777,0.30322780644649455,0.15083798882681565,0.17318435754189943,NoLeft,,#f44336,,,,,,,,,
samples.188,,spfx83qmk,file://C:\Users\gabri\Documents\UofT\APS360\Project\AugData\AugData\NoLeft\img315.png,complete,,bounding-box,7051046926550477,0.4245810055865922,0.4307883278617646,0.13407821229050276,0.16014897579143383,NoLeft,,#f44336,,,,,,,,,
samples.189,,supzqzrp1,file://C:\Users\gabri\Documents\UofT\APS360\Project\AugData\AugData\NoLeft\img316.png,complete,,bounding-box,7545848044025412,0.45530726256983245,0.22408441724723943,0.11731843575418993,0.1713221601489758,NoLeft,,#f44336,,,,,,,,,
samples.190,,svzol8f3r,file://C:\Users\gabri\Documents\UofT\APS360\Project\AugData\AugData\NoLeft\img317.png,complete,,bounding-box,3203295743948267,0.29981378026070765,0.35630043214481855,0.14525139664804468,0.1601489757914339,NoLeft,,#f44336,,,,,,,,,
samples.191,,slmewouga,file://C:\Users\gabri\Documents\UofT\APS360\Project\AugData\AugData\NoLeft\img318.png,complete,,bounding-box,848353670615372,0.33147113594040967,0.30974549732172735,0.06331471135940409,0.11173184357541899,NoLeft,,#f44336,,,,,,,,,
samples.192,,sdp9ndlvs,file://C:\Users\gabri\Documents\UofT\APS360\Project\AugData\AugData\NoLeft\img319.png,complete,,bounding-box,8455605777634263,0.3128491620111732,0.43451272264761187,0.15642458100558657,0.13035381750465547,NoLeft,,#f44336,,,,,,,,,
samples.193,,s3lc48d1b,file://C:\Users\gabri\Documents\UofT\APS360\Project\AugData\AugData\NoLeft\img320.png,complete,[],,,,,,,,,,,,,,,,,,
samples.194,,sje44mqgn,file://C:\Users\gabri\Documents\UofT\APS360\Project\AugData\AugData\NoLeft\img321.png,complete,[],,,,,,,,,,,,,,,,,,
samples.195,,s3ygo61dl,file://C:\Users\gabri\Documents\UofT\APS360\Project\AugData\AugData\NoLeft\img322.png,complete,[],,,,,,,,,,,,,,,,,,
samples.196,,sslwfx84a,file://C:\Users\gabri\Documents\UofT\APS360\Project\AugData\AugData\NoLeft\img323.png,complete,,bounding-box,7882672526773571,0.2681564245810056,0.24643078596232326,0.09310986964618251,0.11918063314711361,NoLeft,,#f44336,,,,,,,,,
samples.197,,s6p1iqtoc,file://C:\Users\gabri\Documents\UofT\APS360\Project\AugData\AugData\NoLeft\img324.png,complete,,bounding-box,6998910715059505,0.24394785847299816,0.26970825337386883,0.10055865921787713,0.13966480446927373,NoLeft,,#f44336,,,,,,,,,
samples.198,,sa4qd6iyl,file://C:\Users\gabri\Documents\UofT\APS360\Project\AugData\AugData\NoLeft\img325.png,complete,,bounding-box,44498355672629675,0.3538175046554935,0.46244568354146665,0.1042830540037244,0.14897579143389206,NoLeft,,#f44336,,,,,,,,,
samples.199,,sfe4yk0ku,file://C:\Users\gabri\Documents\UofT\APS360\Project\AugData\AugData\NoLeft\img326.png,complete,,bounding-box,20584947534589015,0.34543761638733705,0.29950341166064726,0.0912476722532588,0.12104283054003726,NoLeft,,#f44336,,,,,,,,,
samples.200,,s89vqyqb2,file://C:\Users\gabri\Documents\UofT\APS360\Project\AugData\AugData\NoLeft\img327.png,complete,,bounding-box,38749604556012374,0.46275605214152704,0.1402855345656752,0.10986964618249534,0.11918063314711358,NoLeft,,#f44336,,,,,,,,,
samples.201,,seawobpl8,file://C:\Users\gabri\Documents\UofT\APS360\Project\AugData\AugData\NoLeft\img328.png,complete,,bounding-box,4132313064220412,0.19925512104283055,0.4512724991839247,0.1378026070763501,0.11918063314711358,NoLeft,,#f44336,,,,,,,,,
samples.202,,s4wyuyami,file://C:\Users\gabri\Documents\UofT\APS360\Project\AugData\AugData\NoLeft\img329.png,complete,,bounding-box,8569600153664481,0.37988826815642457,0.25667287162340335,0.0968342644320298,0.09869646182495345,NoLeft,,#f44336,,,,,,,,,
samples.203,,sy1wxxx52,file://C:\Users\gabri\Documents\UofT\APS360\Project\AugData\AugData\NoLeft\img330.png,complete,,bounding-box,9226392505070231,0.3919925512104283,0.27250154946325433,0.0912476722532588,0.12662942271880817,NoLeft,,#f44336,,,,,,,,,
samples.204,,siv82sz1r,file://C:\Users\gabri\Documents\UofT\APS360\Project\AugData\AugData\NoLeft\img331.png,complete,,bounding-box,6104262119545636,0.19180633147113593,0.2967101155712618,0.06331471135940409,0.09310986964618245,NoLeft,,#f44336,bounding-box,9559386353680217,0.5996275605214152,0.2184978250684685,0.1042830540037244,0.12290502793296088,NoLeft,,#f44336
samples.205,,swwbt2wxg,file://C:\Users\gabri\Documents\UofT\APS360\Project\AugData\AugData\NoLeft\img3369.png,complete,,bounding-box,04671767569799701,0.6517690875232774,0.327436372554502,0.059590316573556734,0.07635009310986968,NoLeft,,#f44336,,,,,,,,,
samples.206,,sfboz0xzf,file://C:\Users\gabri\Documents\UofT\APS360\Project\AugData\AugData\NoLeft\img3370.png,complete,[],,,,,,,,,,,,,,,,,,
samples.207,,sx4bx9myv,file://C:\Users\gabri\Documents\UofT\APS360\Project\AugData\AugData\NoLeft\img3371.png,complete,,bounding-box,3877254670277459,0.3687150837988827,0.24363748987293776,0.10800744878957169,0.14711359404096835,NoLeft,,#f44336,,,,,,,,,
samples.208,,s9ndj5rtg,file://C:\Users\gabri\Documents\UofT\APS360\Project\AugData\AugData\NoLeft\img3372.png,complete,,bounding-box,731206928973616,0.32495344506517687,0.2566728716234033,0.09124767225325886,0.12104283054003726,NoLeft,,#f44336,,,,,,,,,
samples.209,,sxrddj1pc,file://C:\Users\gabri\Documents\UofT\APS360\Project\AugData\AugData\NoLeft\img3373.png,complete,,bounding-box,19808721733270063,0.4813780260707635,0.17380508763830088,0.1471135940409683,0.1527001862197393,NoLeft,,#f44336,,,,,,,,,
samples.210,,ss65dugo8,file://C:\Users\gabri\Documents\UofT\APS360\Project\AugData\AugData\NoLeft\img3374.png,complete,,bounding-box,0551724876576829,0.2271880819366853,0.26598385858802154,0.05959031657355679,0.14338919925512103,NoLeft,,#f44336,,,,,,,,,
samples.211,,su7wq3cv2,file://C:\Users\gabri\Documents\UofT\APS360\Project\AugData\AugData\NoLeft\img3375.png,complete,,bounding-box,9747515078434306,0.6564245810055866,0.3842333930386733,0.12104283054003717,0.11545623836126628,NoLeft,,#f44336,,,,,,,,,
samples.212,,stzrils9g,file://C:\Users\gabri\Documents\UofT\APS360\Project\AugData\AugData\NoLeft\img3376.png,complete,,bounding-box,5126366185816176,0.47113594040968343,0.3199875829828074,0.10800744878957169,0.19180633147113596,NoLeft,,#f44336,,,,,,,,,
samples.213,,sxesdtnb4,file://C:\Users\gabri\Documents\UofT\APS360\Project\AugData\AugData\NoLeft\img3377.png,complete,,bounding-box,6558526258693205,0.37057728119180633,0.2706393520703307,0.06331471135940414,0.08566108007448792,NoLeft,,#f44336,,,,,,,,,
samples.214,,sdnnib13n,file://C:\Users\gabri\Documents\UofT\APS360\Project\AugData\AugData\NoLeft\img3378.png,complete,,bounding-box,32207167686330607,0.3612662942271881,0.37026691259174593,0.08938547486033521,0.143389199255121,NoLeft,,#f44336,,,,,,,,,
samples.215,,sc1v15lto,file://C:\Users\gabri\Documents\UofT\APS360\Project\AugData\AugData\NoLeft\img3379.png,complete,,bounding-box,32553795807970864,0.27001862197392923,0.37306020868113143,0.1005586592178771,0.1564245810055866,NoLeft,,#f44336,,,,,,,,,
samples.216,,s7nvcliin,file://C:\Users\gabri\Documents\UofT\APS360\Project\AugData\AugData\NoLeft\img3380.png,complete,[],,,,,,,,,,,,,,,,,,
samples.217,,sjnl9v8k8,file://C:\Users\gabri\Documents\UofT\APS360\Project\AugData\AugData\NoLeft\img3381.png,complete,,bounding-box,6759668415493696,0.4748603351955307,0.2147734302826212,0.07076350093109873,0.07448789571694603,NoLeft,,#f44336,,,,,,,,,
samples.218,,se22zsh23,file://C:\Users\gabri\Documents\UofT\APS360\Project\AugData\AugData\NoLeft\img3382.png,complete,,bounding-box,982427450766622,0.4692737430167598,0.09279950104612211,0.11173184357541899,0.13221601489757914,NoLeft,,#f44336,,,,,,,,,
samples.219,,smssg4yzb,file://C:\Users\gabri\Documents\UofT\APS360\Project\AugData\AugData\NoLeft\img3383.png,complete,,bounding-box,6112569715129412,0.3230912476722533,0.3358162608226584,0.09869646182495345,0.1042830540037244,NoLeft,,#f44336,,,,,,,,,
samples.220,,spf5fj34h,file://C:\Users\gabri\Documents\UofT\APS360\Project\AugData\AugData\NoLeft\img3384.png,complete,,bounding-box,4648302791840666,0.6759776536312849,0.20825573940738842,0.1824953445065176,0.09497206703910616,NoLeft,,#f44336,,,,,,,,,
samples.221,,s6ilkbbve,file://C:\Users\gabri\Documents\UofT\APS360\Project\AugData\AugData\NoLeft\img3385.png,complete,,bounding-box,7849056626885036,0.5856610800744879,0.54065797404426,0.1061452513966481,0.1452513966480447,NoLeft,,#f44336,,,,,,,,,
samples.222,,s3ldeaa0q,file://C:\Users\gabri\Documents\UofT\APS360\Project\AugData\AugData\NoLeft\img3386.png,complete,,bounding-box,04500050978907999,0.4087523277467412,0.2082557394073884,0.09497206703910616,0.11359404096834266,NoLeft,,#f44336,,,,,,,,,
samples.223,,sthlh0qqa,file://C:\Users\gabri\Documents\UofT\APS360\Project\AugData\AugData\NoLeft\img3387.png,complete,,bounding-box,30409727639292483,0.6191806331471136,0.2911235233924908,0.21787709497206698,0.20111731843575417,NoLeft,,#f44336,,,,,,,,,
samples.224,,sk330cu5k,file://C:\Users\gabri\Documents\UofT\APS360\Project\AugData\AugData\NoLeft\img3388.png,complete,,bounding-box,4228843020367483,0.3854748603351955,0.333022964733273,0.1005586592178771,0.08752327746741156,NoLeft,,#f44336,,,,,,,,,
samples.225,,s873oipob,file://C:\Users\gabri\Documents\UofT\APS360\Project\AugData\AugData\NoLeft\img3389.png,complete,,bounding-box,1257030425184762,0.5558659217877095,0.4335816239511501,0.07262569832402244,0.13221601489757911,NoLeft,,#f44336,,,,,,,,,
samples.226,,skulwmpzd,file://C:\Users\gabri\Documents\UofT\APS360\Project\AugData\AugData\NoLeft\img3390.png,complete,,bounding-box,8865224431202017,0.3752327746741154,0.1961514563533847,0.11731843575418993,0.1303538175046555,NoLeft,,#f44336,,,,,,,,,
samples.227,,sgwn0ewig,file://C:\Users\gabri\Documents\UofT\APS360\Project\AugData\AugData\NoLeft\img3391.png,complete,,bounding-box,09456214838470078,0.62756052141527,0.199875851139232,0.059590316573556845,0.08566108007448789,NoLeft,,#f44336,,,,,,,,,
samples.228,,s9eysliop,file://C:\Users\gabri\Documents\UofT\APS360\Project\AugData\AugData\NoLeft\img3392.png,complete,,bounding-box,11138402156183647,0.3929236499068901,0.29950341166064726,0.13780260707635011,0.17318435754189943,NoLeft,,#f44336,,,,,,,,,
samples.229,,smm62qzb4,file://C:\Users\gabri\Documents\UofT\APS360\Project\AugData\AugData\NoLeft\img3393.png,complete,,bounding-box,1315669076962962,0.39385474860335196,0.4838609535600886,0.12849162011173187,0.14338919925512106,NoLeft,,#f44336,,,,,,,,,
samples.230,,sj0f7x3sc,file://C:\Users\gabri\Documents\UofT\APS360\Project\AugData\AugData\NoLeft\img3394.png,complete,,bounding-box,3273270443536114,0.4301675977653631,0.22780881203308673,0.10800744878957169,0.15270018621973933,NoLeft,,#f44336,,,,,,,,,
samples.231,,svwh1lkai,file://C:\Users\gabri\Documents\UofT\APS360\Project\AugData\AugData\NoLeft\img3395.png,complete,,bounding-box,23962525667144985,0.32867783985102417,0.3265052738580402,0.11359404096834264,0.1824953445065177,NoLeft,,#f44336,,,,,,,,,
samples.232,,s2m1d0y1d,file://C:\Users\gabri\Documents\UofT\APS360\Project\AugData\AugData\NoLeft\img3396.png,complete,[],,,,,,,,,,,,,,,,,,
samples.233,,srx0iz4bm,file://C:\Users\gabri\Documents\UofT\APS360\Project\AugData\AugData\NoLeft\img3397.png,complete,,bounding-box,03910156115029273,0.33705772811918067,0.4289261304688409,0.12290502793296093,0.11918063314711358,NoLeft,,#f44336,,,,,,,,,
samples.234,,s31fqoqu8,file://C:\Users\gabri\Documents\UofT\APS360\Project\AugData\AugData\NoLeft\img3398.png,complete,[],,,,,,,,,,,,,,,,,,
samples.235,,s1eu2o52e,file://C:\Users\gabri\Documents\UofT\APS360\Project\AugData\AugData\NoLeft\img3399.png,complete,[],,,,,,,,,,,,,,,,,,
samples.236,,sfouaodyo,file://C:\Users\gabri\Documents\UofT\APS360\Project\AugData\AugData\NoLeft\img3400.png,complete,[],,,,,,,,,,,,,,,,,,
samples.237,,selhu5n8w,file://C:\Users\gabri\Documents\UofT\APS360\Project\AugData\AugData\NoLeft\img3401.png,complete,,bounding-box,49020788578367736,0.22625698324022345,0.3004345103571091,0.12476722532588452,0.09310986964618245,NoLeft,,#f44336,,,,,,,,,
samples.238,,swp2nj4ea,file://C:\Users\gabri\Documents\UofT\APS360\Project\AugData\AugData\NoLeft\img3402.png,complete,,bounding-box,19887595007478875,0.2271880819366853,0.2985723129641854,0.1415270018621974,0.148975791433892,NoLeft,,#f44336,,,,,,,,,
samples.239,,s6frj341r,file://C:\Users\gabri\Documents\UofT\APS360\Project\AugData\AugData\NoLeft\img3403.png,complete,,bounding-box,22686264017996716,0.35940409683426444,0.4959652366140923,0.13035381750465547,0.148975791433892,NoLeft,,#f44336,,,,,,,,,
samples.240,,sgv8rnd6r,file://C:\Users\gabri\Documents\UofT\APS360\Project\AugData\AugData\NoLeft\img3404.png,complete,,bounding-box,15743150724459598,0.34450651769087526,0.30322780644649455,0.10800744878957169,0.12849162011173185,NoLeft,,#f44336,,,,,,,,,
samples.241,,sjlxhijlk,file://C:\Users\gabri\Documents\UofT\APS360\Project\AugData\AugData\NoLeft\img3405.png,complete,,bounding-box,5409068632305205,0.36964618249534453,0.16728739676306814,0.10986964618249534,0.14711359404096835,NoLeft,,#f44336,,,,,,,,,
samples.242,,sqhr2g943,file://C:\Users\gabri\Documents\UofT\APS360\Project\AugData\AugData\NoLeft\img3406.png,complete,,bounding-box,4030275819297624,0.22532588454376162,0.34140285300142936,0.11545623836126628,0.13780260707635011,NoLeft,,#f44336,bounding-box,6615090417676035,0.6294227188081937,0.4186840448077609,0.06703910614525133,0.08007448789571697,NoLeft,,#f44336
samples.243,,s46ewvem7,file://C:\Users\gabri\Documents\UofT\APS360\Project\AugData\AugData\NoLeft\img3407.png,complete,,bounding-box,14843297377080567,0.2988826815642458,0.32091868167926924,0.08752327746741156,0.11173184357541899,NoLeft,,#f44336,,,,,,,,,
samples.244,,sh15zx6ya,file://C:\Users\gabri\Documents\UofT\APS360\Project\AugData\AugData\NoLeft\img3408.png,complete,,bounding-box,5918134186158461,0.29608938547486036,0.34792054387666216,0.10800744878957172,0.11359404096834269,NoLeft,,#f44336,,,,,,,,,
samples.245,,sobmjsukw,file://C:\Users\gabri\Documents\UofT\APS360\Project\AugData\AugData\NoLeft\img3409.png,complete,,bounding-box,40958865910179965,0.20204841713221602,0.2818125364278726,0.06145251396648044,0.074487895716946,NoLeft,,#f44336,bounding-box,4835822644997716,0.6173184357541899,0.21570452897908302,0.0986964618249534,0.12104283054003723,NoLeft,,#f44336
samples.246,,s5ps8beqj,file://C:\Users\gabri\Documents\UofT\APS360\Project\AugData\AugData\NoLeft\img3882.png,complete,,bounding-box,314790251710497,0.6834264432029795,0.34698944518020036,0.059590316573556734,0.08193668528864056,NoLeft,,#f44336,,,,,,,,,
samples.247,,ssthrc24r,file://C:\Users\gabri\Documents\UofT\APS360\Project\AugData\AugData\NoLeft\img3883.png,complete,[],,,,,,,,,,,,,,,,,,
samples.248,,sqzyksm2l,file://C:\Users\gabri\Documents\UofT\APS360\Project\AugData\AugData\NoLeft\img3884.png,complete,,bounding-box,745528921119134,0.3770949720670391,0.24363748987293776,0.09124767225325886,0.12849162011173185,NoLeft,,#f44336,,,,,,,,,
samples.249,,s3py401uq,file://C:\Users\gabri\Documents\UofT\APS360\Project\AugData\AugData\NoLeft\img3885.png,complete,,bounding-box,7678132734528462,0.27281191806331473,0.2976412142677236,0.08379888268156424,0.11731843575418996,NoLeft,,#f44336,,,,,,,,,
samples.250,,sykvddvu4,file://C:\Users\gabri\Documents\UofT\APS360\Project\AugData\AugData\NoLeft\img3886.png,complete,,bounding-box,3986314341711923,0.595903165735568,0.18870266678169012,0.13780260707635006,0.13780260707635011,NoLeft,,#f44336,,,,,,,,,
samples.251,,sbr2ypk49,file://C:\Users\gabri\Documents\UofT\APS360\Project\AugData\AugData\NoLeft\img3887.png,complete,,bounding-box,4583880559628626,0.18342644320297952,0.29671011557126176,0.07635009310986962,0.09683426443202978,NoLeft,,#f44336,,,,,,,,,
samples.252,,seb2tlckj,file://C:\Users\gabri\Documents\UofT\APS360\Project\AugData\AugData\NoLeft\img3888.png,complete,,bounding-box,5931778526882787,0.6396648044692738,0.37678460346697873,0.12849162011173187,0.11173184357541899,NoLeft,,#f44336,,,,,,,,,
samples.253,,sp1wv7amj,file://C:\Users\gabri\Documents\UofT\APS360\Project\AugData\AugData\NoLeft\img3889.png,complete,,bounding-box,023098171184890326,0.44972067039106145,0.3227808790721929,0.08752327746741151,0.14152700186219735,NoLeft,,#f44336,,,,,,,,,
samples.254,,szuaqjyk9,file://C:\Users\gabri\Documents\UofT\APS360\Project\AugData\AugData\NoLeft\img3890.png,complete,,bounding-box,3977016758517353,0.3817504655493482,0.2557417729269415,0.07821229050279327,0.10428305400372442,NoLeft,,#f44336,,,,,,,,,
samples.255,,so8gi5i3o,file://C:\Users\gabri\Documents\UofT\APS360\Project\AugData\AugData\NoLeft\img3891.png,complete,,bounding-box,6608438034630901,0.33612662942271876,0.37585350477051693,0.09497206703910616,0.12849162011173182,NoLeft,,#f44336,,,,,,,,,
samples.256,,s013569dg,file://C:\Users\gabri\Documents\UofT\APS360\Project\AugData\AugData\NoLeft\img3892.png,complete,,bounding-box,5022323788525216,0.270949720670391,0.3684047151988223,0.10614525139664804,0.14338919925512106,NoLeft,,#f44336,,,,,,,,,
samples.257,,sr33kumls,file://C:\Users\gabri\Documents\UofT\APS360\Project\AugData\AugData\NoLeft\img3893.png,complete,[],,,,,,,,,,,,,,,,,,
samples.258,,sm3he782s,file://C:\Users\gabri\Documents\UofT\APS360\Project\AugData\AugData\NoLeft\img3894.png,complete,,bounding-box,5682454177953695,0.3873370577281192,0.25108627944463235,0.07821229050279327,0.0912476722532588,NoLeft,,#f44336,,,,,,,,,
samples.259,,swdx4jman,file://C:\Users\gabri\Documents\UofT\APS360\Project\AugData\AugData\NoLeft\img3895.png,complete,,bounding-box,2901576415093825,0.38268156424581007,0.10862817888597315,0.15083798882681565,0.1378026070763501,NoLeft,,#f44336,,,,,,,,,
samples.260,,swxqj0759,file://C:\Users\gabri\Documents\UofT\APS360\Project\AugData\AugData\NoLeft\img3896.png,complete,,bounding-box,7293037085668959,0.3743016759776536,0.2939168194818763,0.1005586592178771,0.11359404096834266,NoLeft,,#f44336,,,,,,,,,
samples.261,,sevwbuhra,file://C:\Users\gabri\Documents\UofT\APS360\Project\AugData\AugData\NoLeft\img3897.png,complete,,bounding-box,6790040248354485,0.6731843575418994,0.2231533185507776,0.17690875232774672,0.12849162011173182,NoLeft,,#f44336,,,,,,,,,
samples.262,,sohdeknha,file://C:\Users\gabri\Documents\UofT\APS360\Project\AugData\AugData\NoLeft\img3898.png,complete,,bounding-box,6166839089876794,0.5642458100558659,0.5425201714371836,0.1005586592178771,0.16387337057728119,NoLeft,,#f44336,,,,,,,,,
samples.263,,sb0mh7kxk,file://C:\Users\gabri\Documents\UofT\APS360\Project\AugData\AugData\NoLeft\img3899.png,complete,,bounding-box,46998352192121984,0.3091247672253259,0.26412166119509795,0.11918063314711361,0.09497206703910616,NoLeft,,#f44336,,,,,,,,,
samples.264,,su7gipqfa,file://C:\Users\gabri\Documents\UofT\APS360\Project\AugData\AugData\NoLeft\img3900.png,complete,,bounding-box,6627857073752208,0.6182495344506518,0.3004345103571091,0.21973929236499068,0.18249534450651766,NoLeft,,#f44336,,,,,,,,,
samples.265,,s76n6fxe5,file://C:\Users\gabri\Documents\UofT\APS360\Project\AugData\AugData\NoLeft\img3901.png,complete,,bounding-box,4480008837424425,0.43575418994413406,0.3032278064464946,0.08938547486033521,0.10242085661080075,NoLeft,,#f44336,,,,,,,,,
samples.266,,sa5f2ezqf,file://C:\Users\gabri\Documents\UofT\APS360\Project\AugData\AugData\NoLeft\img3902.png,complete,,bounding-box,043004886874986825,0.5409683426443204,0.42333953829007,0.1024208566108008,0.13780260707635006,NoLeft,,#f44336,,,,,,,,,
samples.267,,sye1ks2km,file://C:\Users\gabri\Documents\UofT\APS360\Project\AugData\AugData\NoLeft\img3903.png,complete,,bounding-box,7510253135378975,0.35288640595903165,0.1961514563533847,0.12104283054003723,0.1378026070763501,NoLeft,,#f44336,,,,,,,,,
samples.268,,sil0t1j35,file://C:\Users\gabri\Documents\UofT\APS360\Project\AugData\AugData\NoLeft\img3904.png,complete,,bounding-box,1756253962201677,0.644320297951583,0.20918683810385025,0.12662942271880817,0.11918063314711361,NoLeft,,#f44336,,,,,,,,,
samples.269,,s8r6islya,file://C:\Users\gabri\Documents\UofT\APS360\Project\AugData\AugData\NoLeft\img3905.png,complete,,bounding-box,3166276799526657,0.4059590316573557,0.3041589051429564,0.148975791433892,0.17504655493482307,NoLeft,,#f44336,,,,,,,,,
samples.270,,smwevs8ie,file://C:\Users\gabri\Documents\UofT\APS360\Project\AugData\AugData\NoLeft\img3906.png,complete,,bounding-box,17973713994457885,0.3929236499068901,0.4680322757202376,0.11545623836126634,0.15270018621973935,NoLeft,,#f44336,,,,,,,,,
samples.271,,s80faa2jl,file://C:\Users\gabri\Documents\UofT\APS360\Project\AugData\AugData\NoLeft\img3907.png,complete,,bounding-box,4178811168259218,0.36219739292364994,0.26132836510571245,0.10986964618249534,0.1378026070763501,NoLeft,,#f44336,,,,,,,,,
samples.272,,sjnpzmayr,file://C:\Users\gabri\Documents\UofT\APS360\Project\AugData\AugData\NoLeft\img3908.png,complete,,bounding-box,3180901566788805,0.37057728119180633,0.3050900038394182,0.12290502793296088,0.1843575418994413,NoLeft,,#f44336,,,,,,,,,
samples.273,,s0f8bv5mj,file://C:\Users\gabri\Documents\UofT\APS360\Project\AugData\AugData\NoLeft\img3909.png,complete,,bounding-box,955439802760691,0.28584729981378026,0.35164493866250945,0.09497206703910613,0.10242085661080075,NoLeft,,#f44336,,,,,,,,,
samples.274,,sipqb9wpn,file://C:\Users\gabri\Documents\UofT\APS360\Project\AugData\AugData\NoLeft\img3910.png,complete,,bounding-box,2704581829241486,0.35847299813780265,0.37585350477051693,0.13221601489757911,0.12476722532588452,NoLeft,,#f44336,,,,,,,,,
samples.275,,sp77ioo7t,file://C:\Users\gabri\Documents\UofT\APS360\Project\AugData\AugData\NoLeft\img3911.png,complete,[],,,,,,,,,,,,,,,,,,
samples.276,,s1dhmmv2x,file://C:\Users\gabri\Documents\UofT\APS360\Project\AugData\AugData\NoLeft\img3912.png,complete,[],,,,,,,,,,,,,,,,,,
samples.277,,so03hvwxj,file://C:\Users\gabri\Documents\UofT\APS360\Project\AugData\AugData\NoLeft\img3913.png,complete,[],,,,,,,,,,,,,,,,,,
samples.278,,snrm8ioii,file://C:\Users\gabri\Documents\UofT\APS360\Project\AugData\AugData\NoLeft\img3914.png,complete,,bounding-box,4050392052175811,0.3016759776536313,0.22129112115785396,0.08938547486033521,0.10614525139664804,NoLeft,,#f44336,,,,,,,,,
samples.279,,snkjra3t8,file://C:\Users\gabri\Documents\UofT\APS360\Project\AugData\AugData\NoLeft\img3915.png,complete,,bounding-box,5498988793965005,0.21042830540037244,0.327436372554502,0.11918063314711358,0.13221601489757911,NoLeft,,#f44336,,,,,,,,,
samples.280,,sfqfqvs47,file://C:\Users\gabri\Documents\UofT\APS360\Project\AugData\AugData\NoLeft\img3916.png,complete,,bounding-box,7879311867305816,0.3575418994413408,0.519242704025638,0.13407821229050276,0.1433891992551211,NoLeft,,#f44336,,,,,,,,,
samples.281,,su14mvyjj,file://C:\Users\gabri\Documents\UofT\APS360\Project\AugData\AugData\NoLeft\img3917.png,complete,,bounding-box,8369631461191724,0.3156424581005587,0.333022964733273,0.10614525139664804,0.1359404096834264,NoLeft,,#f44336,,,,,,,,,
samples.282,,s2zzb3hzg,file://C:\Users\gabri\Documents\UofT\APS360\Project\AugData\AugData\NoLeft\img3918.png,complete,,bounding-box,6354169051229641,0.3919925512104283,0.1514587189232171,0.13594040968342647,0.1824953445065177,NoLeft,,#f44336,,,,,,,,,
samples.283,,s8749lgcn,file://C:\Users\gabri\Documents\UofT\APS360\Project\AugData\AugData\NoLeft\img3919.png,complete,,bounding-box,9434856278027155,0.22532588454376165,0.36561141910943684,0.1452513966480447,0.1452513966480447,NoLeft,,#f44336,bounding-box,6904792402791811,0.6219739292364991,0.4047175643608335,0.07448789571694592,0.09310986964618245,NoLeft,,#f44336
samples.284,,swl06idxw,file://C:\Users\gabri\Documents\UofT\APS360\Project\AugData\AugData\NoLeft\img3920.png,complete,,bounding-box,8334489353448165,0.26722532588454373,0.36095592562712775,0.10242085661080075,0.10242085661080075,NoLeft,,#f44336,,,,,,,,,
samples.285,,s2pn1knsl,file://C:\Users\gabri\Documents\UofT\APS360\Project\AugData\AugData\NoLeft\img3921.png,complete,[],,,,,,,,,,,,,,,,,,
samples.286,,sztgv01bd,file://C:\Users\gabri\Documents\UofT\APS360\Project\AugData\AugData\NoLeft\img3922.png,complete,,bounding-box,9754109227983998,0.2085661080074488,0.27157045076679254,0.07448789571694597,0.09124767225325886,NoLeft,,#f44336,bounding-box,6786392268865709,0.62756052141527,0.22408441724723943,0.10800744878957169,0.12662942271880817,NoLeft,,#f44336
samples.287,,so80aq8n8,file://C:\Users\gabri\Documents\UofT\APS360\Project\AugData\AugData\NoLeft\img4395.png,complete,,bounding-box,852500467274133,0.6005586592178771,0.2985723129641854,0.08379888268156432,0.09683426443202975,NoLeft,,#f44336,,,,,,,,,
samples.288,,se0biqbxi,file://C:\Users\gabri\Documents\UofT\APS360\Project\AugData\AugData\NoLeft\img4396.png,complete,[],,,,,,,,,,,,,,,,,,
samples.289,,sgc78if3b,file://C:\Users\gabri\Documents\UofT\APS360\Project\AugData\AugData\NoLeft\img4397.png,complete,,bounding-box,25060868261134406,0.494413407821229,0.2184978250684685,0.09869646182495345,0.12662942271880817,NoLeft,,#f44336,,,,,,,,,
samples.290,,ss7uuie9j,file://C:\Users\gabri\Documents\UofT\APS360\Project\AugData\AugData\NoLeft\img4398.png,complete,,bounding-box,7407264688855284,0.38361266294227186,0.23153320681893405,0.0968342644320298,0.148975791433892,NoLeft,,#f44336,,,,,,,,,
samples.291,,swei49ad9,file://C:\Users\gabri\Documents\UofT\APS360\Project\AugData\AugData\NoLeft\img4399.png,complete,,bounding-box,924290768631093,0.5493482309124768,0.17752948242414818,0.13780260707635011,0.1378026070763501,NoLeft,,#f44336,,,,,,,,,
samples.292,,sh7furs9i,file://C:\Users\gabri\Documents\UofT\APS360\Project\AugData\AugData\NoLeft\img4400.png,complete,,bounding-box,826347143939504,0.21973929236499068,0.23805089769416682,0.06703910614525141,0.09124767225325883,NoLeft,,#f44336,,,,,,,,,
samples.293,,sa58b37lp,file://C:\Users\gabri\Documents\UofT\APS360\Project\AugData\AugData\NoLeft\img4401.png,complete,,bounding-box,051077255397833365,0.6294227188081937,0.3786468008599024,0.13407821229050287,0.16387337057728124,NoLeft,,#f44336,,,,,,,,,
samples.294,,syvcib5qp,file://C:\Users\gabri\Documents\UofT\APS360\Project\AugData\AugData\NoLeft\img4402.png,complete,,bounding-box,6253971443971114,0.3854748603351955,0.34792054387666216,0.1042830540037244,0.13966480446927376,NoLeft,,#f44336,,,,,,,,,
samples.295,,sleojfeag,file://C:\Users\gabri\Documents\UofT\APS360\Project\AugData\AugData\NoLeft\img4403.png,complete,[],,,,,,,,,,,,,,,,,,
samples.296,,sufs89vez,file://C:\Users\gabri\Documents\UofT\APS360\Project\AugData\AugData\NoLeft\img4404.png,complete,,bounding-box,47253314796175294,0.37243947858473,0.34326505039435307,0.1042830540037244,0.12662942271880823,NoLeft,,#f44336,,,,,,,,,
samples.297,,sjei7ix03,file://C:\Users\gabri\Documents\UofT\APS360\Project\AugData\AugData\NoLeft\img4405.png,complete,[],,,,,,,,,,,,,,,,,,
samples.298,,spibh9npa,file://C:\Users\gabri\Documents\UofT\APS360\Project\AugData\AugData\NoLeft\img4406.png,complete,[],,,,,,,,,,,,,,,,,,
samples.299,,sgfq3efjg,file://C:\Users\gabri\Documents\UofT\APS360\Project\AugData\AugData\NoLeft\img4407.png,complete,,bounding-box,24904767584104603,0.36685288640595903,0.27622594424910163,0.07821229050279332,0.11173184357541899,NoLeft,,#f44336,,,,,,,,,
samples.300,,sftgwj1d7,file://C:\Users\gabri\Documents\UofT\APS360\Project\AugData\AugData\NoLeft\img4408.png,complete,,bounding-box,6799700908194655,0.46927374301675984,0.1002482906178167,0.13780260707635011,0.15456238361266292,NoLeft,,#f44336,,,,,,,,,
samples.301,,sbj6tl36m,file://C:\Users\gabri\Documents\UofT\APS360\Project\AugData\AugData\NoLeft\img4409.png,complete,,bounding-box,18803913267031191,0.3063314711359404,0.37399130737759323,0.09869646182495345,0.10614525139664804,NoLeft,,#f44336,,,,,,,,,
samples.302,,sshhvjyej,file://C:\Users\gabri\Documents\UofT\APS360\Project\AugData\AugData\NoLeft\img4410.png,complete,,bounding-box,7022733349019379,0.6461824953445066,0.21942892376493028,0.18621973929236502,0.15083798882681562,NoLeft,,#f44336,,,,,,,,,
samples.303,,sm6efpkak,file://C:\Users\gabri\Documents\UofT\APS360\Project\AugData\AugData\NoLeft\img4411.png,complete,,bounding-box,43042163987196536,0.5567970204841713,0.535071381865489,0.10800744878957169,0.16387337057728124,NoLeft,,#f44336,,,,,,,,,
samples.304,,sod2fwo0k,file://C:\Users\gabri\Documents\UofT\APS360\Project\AugData\AugData\NoLeft\img4412.png,complete,,bounding-box,7296592282934202,0.2774674115456238,0.290192424696029,0.09310986964618248,0.07635009310986962,NoLeft,,#f44336,,,,,,,,,
samples.305,,shi30otaq,file://C:\Users\gabri\Documents\UofT\APS360\Project\AugData\AugData\NoLeft\img4413.png,complete,,bounding-box,501821298582384,0.6229050279329609,0.28926132599956716,0.22532588454376157,0.20484171322160147,NoLeft,,#f44336,,,,,,,,,
samples.306,,sdbc3f5hd,file://C:\Users\gabri\Documents\UofT\APS360\Project\AugData\AugData\NoLeft\img4414.png,complete,,bounding-box,05523196165572819,0.4031657355679702,0.3292985699474257,0.09497206703910616,0.06890130353817508,NoLeft,,#f44336,,,,,,,,,
samples.307,,senyt49qy,file://C:\Users\gabri\Documents\UofT\APS360\Project\AugData\AugData\NoLeft\img4415.png,complete,,bounding-box,34837354217393846,0.5223463687150838,0.4224084395936082,0.09869646182495345,0.12476722532588452,NoLeft,,#f44336,,,,,,,,,
samples.308,,s3m3yjj6z,file://C:\Users\gabri\Documents\UofT\APS360\Project\AugData\AugData\NoLeft\img4416.png,complete,,bounding-box,1513596341396477,0.33147113594040967,0.20918683810385025,0.0968342644320298,0.1340782122905028,NoLeft,,#f44336,,,,,,,,,
samples.309,,s5lbn0y6f,file://C:\Users\gabri\Documents\UofT\APS360\Project\AugData\AugData\NoLeft\img4417.png,complete,,bounding-box,6434551197927987,0.5521415270018621,0.18125387720999547,0.07635009310986962,0.0782122905027933,NoLeft,,#f44336,,,,,,,,,
samples.310,,si9xcs5wq,file://C:\Users\gabri\Documents\UofT\APS360\Project\AugData\AugData\NoLeft\img4418.png,complete,,bounding-box,8724447197446863,0.43854748603351956,0.2929857207854145,0.12104283054003723,0.17504655493482307,NoLeft,,#f44336,,,,,,,,,
samples.311,,sd1kzxbve,file://C:\Users\gabri\Documents\UofT\APS360\Project\AugData\AugData\NoLeft\img4419.png,complete,,bounding-box,16858039860286733,0.3994413407821229,0.45313469657684835,0.08752327746741151,0.15270018621973924,NoLeft,,#f44336,,,,,,,,,
samples.312,,sdk0ga87r,file://C:\Users\gabri\Documents\UofT\APS360\Project\AugData\AugData\NoLeft\img4420.png,complete,,bounding-box,9657361348206748,0.34264432029795155,0.2715704507667925,0.11173184357541904,0.15083798882681562,NoLeft,,#f44336,,,,,,,,,
samples.313,,s4vnnp94l,file://C:\Users\gabri\Documents\UofT\APS360\Project\AugData\AugData\NoLeft\img4421.png,complete,,bounding-box,46549516143274117,0.33333333333333337,0.3265052738580402,0.12290502793296093,0.1675977653631285,NoLeft,,#f44336,,,,,,,,,
samples.314,,smv7wc68b,file://C:\Users\gabri\Documents\UofT\APS360\Project\AugData\AugData\NoLeft\img4422.png,complete,[],,,,,,,,,,,,,,,,,,
samples.315,,sv2e0dyss,file://C:\Users\gabri\Documents\UofT\APS360\Project\AugData\AugData\NoLeft\img4423.png,complete,,bounding-box,9111399228817576,0.33147113594040967,0.4056486630572953,0.12662942271880823,0.11731843575418999,NoLeft,,#f44336,,,,,,,,,
samples.316,,s8uj3zded,file://C:\Users\gabri\Documents\UofT\APS360\Project\AugData\AugData\NoLeft\img4424.png,complete,[],,,,,,,,,,,,,,,,,,
samples.317,,s21qltn59,file://C:\Users\gabri\Documents\UofT\APS360\Project\AugData\AugData\NoLeft\img4425.png,complete,[],,,,,,,,,,,,,,,,,,
samples.318,,s3owry17b,file://C:\Users\gabri\Documents\UofT\APS360\Project\AugData\AugData\NoLeft\img4426.png,complete,[],,,,,,,,,,,,,,,,,,
samples.319,,sbssyqqk1,file://C:\Users\gabri\Documents\UofT\APS360\Project\AugData\AugData\NoLeft\img4427.png,complete,,bounding-box,8068703315674113,0.2877094972067039,0.23898199639062864,0.11731843575418996,0.12662942271880823,NoLeft,,#f44336,,,,,,,,,
samples.320,,sandb0uj9,file://C:\Users\gabri\Documents\UofT\APS360\Project\AugData\AugData\NoLeft\img4428.png,complete,,bounding-box,28320583974312696,0.25046554934823095,0.26970825337386883,0.09869646182495345,0.14711359404096833,NoLeft,,#f44336,,,,,,,,,
samples.321,,sr1jbey5o,file://C:\Users\gabri\Documents\UofT\APS360\Project\AugData\AugData\NoLeft\img4429.png,complete,,bounding-box,05822698013615746,0.35847299813780265,0.46244568354146665,0.11359404096834264,0.15642458100558665,NoLeft,,#f44336,,,,,,,,,
samples.322,,stoevwkih,file://C:\Users\gabri\Documents\UofT\APS360\Project\AugData\AugData\NoLeft\img4430.png,complete,,bounding-box,4312748096125738,0.3808193668528864,0.26132836510571245,0.09869646182495345,0.1266294227188082,NoLeft,,#f44336,,,,,,,,,
samples.323,,smhumt6ua,file://C:\Users\gabri\Documents\UofT\APS360\Project\AugData\AugData\NoLeft\img4431.png,complete,,bounding-box,29871495298084483,0.38733705772811916,0.15704531110198805,0.10800744878957169,0.16387337057728119,NoLeft,,#f44336,,,,,,,,,
samples.324,,snizn28kb,file://C:\Users\gabri\Documents\UofT\APS360\Project\AugData\AugData\NoLeft\img4432.png,complete,,bounding-box,893572517128433,0.26163873370577284,0.3041589051429564,0.12476722532588452,0.1527001862197393,NoLeft,,#f44336,,,,,,,,,
samples.325,,skbmbvmuh,file://C:\Users\gabri\Documents\UofT\APS360\Project\AugData\AugData\NoLeft\img4433.png,complete,,bounding-box,1823901247718216,0.3119180633147114,0.3004345103571091,0.07262569832402238,0.08938547486033516,NoLeft,,#f44336,,,,,,,,,
samples.326,,s4elbk5ao,file://C:\Users\gabri\Documents\UofT\APS360\Project\AugData\AugData\NoLeft\img4434.png,complete,,bounding-box,6243442827012804,0.3016759776536313,0.32091868167926924,0.10800744878957172,0.13035381750465547,NoLeft,,#f44336,,,,,,,,,
samples.327,,sjniterd8,file://C:\Users\gabri\Documents\UofT\APS360\Project\AugData\AugData\NoLeft\img4435.png,complete,,bounding-box,22557657067105374,0.2718808193668529,0.2110490354967739,0.06703910614525141,0.074487895716946,NoLeft,,#f44336,bounding-box,9905210793362678,0.6871508379888268,0.2520173781410942,0.08566108007448792,0.1378026070763501,NoLeft,,#f44336
samples.328,,s5fbujsa7,file://C:\Users\gabri\Documents\UofT\APS360\Project\AugData\AugData\NoLeft\img804.png,complete,,bounding-box,845227903876262,0.6359404096834265,0.30974549732172735,0.05772811918063314,0.08938547486033521,NoLeft,,#f44336,,,,,,,,,
samples.329,,sjsv2a1cj,file://C:\Users\gabri\Documents\UofT\APS360\Project\AugData\AugData\NoLeft\img805.png,complete,[],,,,,,,,,,,,,,,,,,
samples.330,,s92waelrk,file://C:\Users\gabri\Documents\UofT\APS360\Project\AugData\AugData\NoLeft\img806.png,complete,,bounding-box,10781488790428662,0.3687150837988827,0.25015518074817056,0.1042830540037244,0.148975791433892,NoLeft,,#f44336,,,,,,,,,
samples.331,,swl0r981d,file://C:\Users\gabri\Documents\UofT\APS360\Project\AugData\AugData\NoLeft\img807.png,complete,,bounding-box,31478380130769823,0.25977653631284914,0.3004345103571091,0.08379888268156427,0.09310986964618245,NoLeft,,#f44336,,,,,,,,,
samples.332,,sb8ow10mj,file://C:\Users\gabri\Documents\UofT\APS360\Project\AugData\AugData\NoLeft\img808.png,complete,,bounding-box,05952347388931312,0.5605214152700186,0.18032277851353368,0.1452513966480447,0.15083798882681565,NoLeft,,#f44336,,,,,,,,,
samples.333,,sieimswhw,file://C:\Users\gabri\Documents\UofT\APS360\Project\AugData\AugData\NoLeft\img809.png,complete,,bounding-box,19362329110639132,0.24767225325884543,0.2194289237649303,0.06331471135940409,0.09869646182495345,NoLeft,,#f44336,,,,,,,,,
samples.334,,st8of2dap,file://C:\Users\gabri\Documents\UofT\APS360\Project\AugData\AugData\NoLeft\img810.png,complete,,bounding-box,8280351703456015,0.6294227188081937,0.36654251780589864,0.13035381750465547,0.11731843575418993,NoLeft,,#f44336,,,,,,,,,
samples.335,,s78hn1mng,file://C:\Users\gabri\Documents\UofT\APS360\Project\AugData\AugData\NoLeft\img811.png,complete,,bounding-box,5304045090943368,0.4702048417132216,0.3078832999288037,0.08379888268156421,0.14525139664804468,NoLeft,,#f44336,,,,,,,,,
samples.336,,sexef0bp8,file://C:\Users\gabri\Documents\UofT\APS360\Project\AugData\AugData\NoLeft\img812.png,complete,[],,,,,,,,,,,,,,,,,,
samples.337,,snenw4cmh,file://C:\Users\gabri\Documents\UofT\APS360\Project\AugData\AugData\NoLeft\img813.png,complete,,bounding-box,8747040929631742,0.3221601489757914,0.41775294611129904,0.09310986964618251,0.11918063314711358,NoLeft,,#f44336,,,,,,,,,
samples.338,,sdbgwc1ce,file://C:\Users\gabri\Documents\UofT\APS360\Project\AugData\AugData\NoLeft\img814.png,complete,,bounding-box,4688085911046478,0.24674115456238363,0.4130974526289899,0.09124767225325886,0.14338919925512106,NoLeft,,#f44336,,,,,,,,,
samples.339,,scxt0aaqe,file://C:\Users\gabri\Documents\UofT\APS360\Project\AugData\AugData\NoLeft\img815.png,complete,[],,,,,,,,,,,,,,,,,,
samples.340,,sowm6anko,file://C:\Users\gabri\Documents\UofT\APS360\Project\AugData\AugData\NoLeft\img816.png,complete,,bounding-box,7668601196799931,0.3994413407821229,0.25387957553401785,0.06890130353817503,0.11918063314711361,NoLeft,,#f44336,,,,,,,,,
samples.341,,swrg3yxk8,file://C:\Users\gabri\Documents\UofT\APS360\Project\AugData\AugData\NoLeft\img817.png,complete,,bounding-box,40461881326974347,0.45716945996275604,0.09279950104612211,0.13221601489757911,0.16573556797020483,NoLeft,,#f44336,,,,,,,,,
samples.342,,s3iuupky8,file://C:\Users\gabri\Documents\UofT\APS360\Project\AugData\AugData\NoLeft\img818.png,complete,,bounding-box,03772896831049066,0.388268156424581,0.2892613259995672,0.09497206703910616,0.1452513966480447,NoLeft,,#f44336,,,,,,,,,
samples.343,,szwz99lkj,file://C:\Users\gabri\Documents\UofT\APS360\Project\AugData\AugData\NoLeft\img819.png,complete,,bounding-box,10948490930668275,0.6284916201117319,0.1887026667816901,0.1992551210428305,0.1527001862197393,NoLeft,,#f44336,,,,,,,,,
samples.344,,sxxg6uu5m,file://C:\Users\gabri\Documents\UofT\APS360\Project\AugData\AugData\NoLeft\img820.png,complete,,bounding-box,11185755847707068,0.5567970204841713,0.5695220336345765,0.09310986964618251,0.16201117318435754,NoLeft,,#f44336,,,,,,,,,
samples.345,,sbxd9o0mv,file://C:\Users\gabri\Documents\UofT\APS360\Project\AugData\AugData\NoLeft\img821.png,complete,,bounding-box,21099979704319272,0.329608938547486,0.25667287162340335,0.11545623836126628,0.09497206703910616,NoLeft,,#f44336,,,,,,,,,
samples.346,,shjtqq32p,file://C:\Users\gabri\Documents\UofT\APS360\Project\AugData\AugData\NoLeft\img822.png,complete,,bounding-box,2140028789518469,0.6014897579143389,0.2836747338207962,0.23463687150837992,0.19739292364990688,NoLeft,,#f44336,,,,,,,,,
samples.347,,s5rsor1ml,file://C:\Users\gabri\Documents\UofT\APS360\Project\AugData\AugData\NoLeft\img823.png,complete,,bounding-box,6747938734035062,0.44972067039106145,0.3069522012323419,0.08379888268156421,0.09869646182495345,NoLeft,,#f44336,,,,,,,,,
samples.348,,s3t0rvh1b,file://C:\Users\gabri\Documents\UofT\APS360\Project\AugData\AugData\NoLeft\img824.png,complete,,bounding-box,798634152579613,0.5220409683426444,0.41402855132545174,0.09653631284916192,0.11262569832402236,NoLeft,,#f44336,,,,,,,,,
samples.349,,sgyjch1eb,file://C:\Users\gabri\Documents\UofT\APS360\Project\AugData\AugData\NoLeft\img825.png,complete,,bounding-box,9629844041043372,0.3864059590316573,0.1924270615675374,0.10242085661080075,0.13407821229050282,NoLeft,,#f44336,,,,,,,,,
samples.350,,sejci2pc5,file://C:\Users\gabri\Documents\UofT\APS360\Project\AugData\AugData\NoLeft\img826.png,complete,,bounding-box,9707621025341664,0.5242085661080074,0.18311607460291912,0.0912476722532588,0.08193668528864059,NoLeft,,#f44336,,,,,,,,,
samples.351,,si31vrgt8,file://C:\Users\gabri\Documents\UofT\APS360\Project\AugData\AugData\NoLeft\img827.png,complete,,bounding-box,3838545135115081,0.4189944134078212,0.3004345103571091,0.1564245810055866,0.18249534450651766,NoLeft,,#f44336,,,,,,,,,
samples.352,,sq6s8ix77,file://C:\Users\gabri\Documents\UofT\APS360\Project\AugData\AugData\NoLeft\img828.png,complete,,bounding-box,7799001276045019,0.3957169459962756,0.45685909136269565,0.10242085661080069,0.15270018621973924,NoLeft,,#f44336,,,,,,,,,
samples.353,,skb0975vi,file://C:\Users\gabri\Documents\UofT\APS360\Project\AugData\AugData\NoLeft\img829.png,complete,,bounding-box,6079525085991122,0.35288640595903165,0.26877715467740704,0.13594040968342647,0.14152700186219738,NoLeft,,#f44336,,,,,,,,,
samples.354,,sfdph1w6p,file://C:\Users\gabri\Documents\UofT\APS360\Project\AugData\AugData\NoLeft\img830.png,complete,,bounding-box,36297558469703084,0.3249534450651769,0.33674735951912027,0.14711359404096835,0.17318435754189943,NoLeft,,#f44336,,,,,,,,,
samples.355,,sjktnsbi5,file://C:\Users\gabri\Documents\UofT\APS360\Project\AugData\AugData\NoLeft\img831.png,complete,,bounding-box,05068391876212064,0.37243947858473003,0.29577901687479996,0.05959031657355679,0.12849162011173185,NoLeft,,#f44336,,,,,,,,,
samples.356,,sxgyh87am,file://C:\Users\gabri\Documents\UofT\APS360\Project\AugData\AugData\NoLeft\img832.png,complete,,bounding-box,9573444497090089,0.33333333333333337,0.4307883278617646,0.1527001862197393,0.12290502793296088,NoLeft,,#f44336,,,,,,,,,
samples.357,,scusbldch,file://C:\Users\gabri\Documents\UofT\APS360\Project\AugData\AugData\NoLeft\img833.png,complete,[],,,,,,,,,,,,,,,,,,
samples.358,,sx1e3kvpn,file://C:\Users\gabri\Documents\UofT\APS360\Project\AugData\AugData\NoLeft\img834.png,complete,[],,,,,,,,,,,,,,,,,,
samples.359,,sm0z17ud9,file://C:\Users\gabri\Documents\UofT\APS360\Project\AugData\AugData\NoLeft\img835.png,complete,[],,,,,,,,,,,,,,,,,,
samples.360,,s2j1asd2r,file://C:\Users\gabri\Documents\UofT\APS360\Project\AugData\AugData\NoLeft\img836.png,complete,,bounding-box,14535440632274477,0.2420856610800745,0.29950341166064726,0.14152700186219738,0.12476722532588455,NoLeft,,#f44336,,,,,,,,,
samples.361,,s6lotbmrp,file://C:\Users\gabri\Documents\UofT\APS360\Project\AugData\AugData\NoLeft\img837.png,complete,,bounding-box,8344812819708769,0.2867783985102421,0.24363748987293776,0.12662942271880823,0.15828677839851024,NoLeft,,#f44336,,,,,,,,,
samples.362,,sccwqte7p,file://C:\Users\gabri\Documents\UofT\APS360\Project\AugData\AugData\NoLeft\img838.png,complete,,bounding-box,007494779667722717,0.36033519553072624,0.5108628157574815,0.12476722532588452,0.1415270018621974,NoLeft,,#f44336,,,,,,,,,
samples.363,,sw59firwk,file://C:\Users\gabri\Documents\UofT\APS360\Project\AugData\AugData\NoLeft\img839.png,complete,,bounding-box,9827818128920329,0.34171322160148976,0.2864680299101817,0.10242085661080069,0.14338919925512106,NoLeft,,#f44336,,,,,,,,,
samples.364,,srbtrjmnt,file://C:\Users\gabri\Documents\UofT\APS360\Project\AugData\AugData\NoLeft\img840.png,complete,,bounding-box,18178564683956044,0.35009310986964615,0.17101179154891544,0.12662942271880823,0.16573556797020486,NoLeft,,#f44336,,,,,,,,,
samples.365,,sgd0d31ap,file://C:\Users\gabri\Documents\UofT\APS360\Project\AugData\AugData\NoLeft\img841.png,complete,,bounding-box,9436021569846196,0.2430167597765363,0.3227808790721929,0.13594040968342644,0.13780260707635006,NoLeft,,#f44336,bounding-box,2863441355655796,0.6452513966480447,0.4307883278617646,0.07262569832402233,0.1005586592178771,NoLeft,,#f44336
samples.366,,sr7m5fpas,file://C:\Users\gabri\Documents\UofT\APS360\Project\AugData\AugData\NoLeft\img842.png,complete,[],,,,,,,,,,,,,,,,,,
samples.367,,shz4ks9sh,file://C:\Users\gabri\Documents\UofT\APS360\Project\AugData\AugData\NoLeft\img843.png,complete,,bounding-box,7915393856435942,0.329608938547486,0.3041589051429564,0.12290502793296088,0.14525139664804468,NoLeft,,#f44336,,,,,,,,,
samples.368,,sqboviuhd,file://C:\Users\gabri\Documents\UofT\APS360\Project\AugData\AugData\NoLeft\img844.png,complete,,bounding-box,9692402328391434,0.16759776536312848,0.35443823475189495,0.09683426443202979,0.1042830540037244,NoLeft,,#f44336,bounding-box,15767439841976882,0.5567970204841713,0.2194289237649303,0.11545623836126634,0.12476722532588452,NoLeft,,#f44336